제목,작가,별점,조회수
행운100%,깡패,9.51,"6,402"
축구 만화 까북툰,까북이,9.85,11만
산타시스템,주사위,9.39,"4,586"
겨울잠,임레이스,9.49,"8,152"
육아의 계절,십짱생,9.70,96만
소중한 하루를 살다,윤공룡,9.67,35만
아빠는 N살,유영근,9.90,"5,440만"
깜장고양이 짜루,고돌댁,9.74,13만
눔 NooM,살구 @salgoolulu,9.38,9.6만
낮잠 자는 사람들,루미,9.90,383만
봉구리 로큰롤,봉구,9.58,5.4만
뱀파이어의 연금술,달 심청,9.75,70만
좀비떼로,오태호 X 햇님,9.54,1.2만
나는 백수다,뿔치,9.25,37만
결혼사수스캔들,해수,9.68,4.3만
사랑의 반대말이 증오가 아니듯이,수지타산,9.10,14만
위탁가족!,조똘복,9.89,87만
식빵고양이 파운드캣,poun****,9.89,"2,034만"
신의타로(흑묘),마리아,9.71,635만
오늘의 후기,챈,9.75,"1,705만"
띵,카르마카멜레온,9.38,1.5만
시바하루 (시바견의 하루),taeh****,9.69,66만
158동 진상부부,진상부부,9.53,398만
대기업의 정석,두랄이,8.62,"6,413"
별새의 여행자,티스텔라,8.89,1.5만
그 X의 사정,찌뉴,7.00,"5,987"
로로의 일본생활 다이어리,nomo****,9.85,709만
좀비신드롬,종헌,9.82,201만
루저들의 세계여행,잘생긴루저,9.74,18만
해달달해,장보근,9.80,5.2만
돌아온 붕어빵 가족,햄스타,9.31,6.6만
미니어처 게임입니다,한피디,9.76,3만
의귀투합,천귀,9.27,13만
남의 집 귀한 자식,wne 이은,9.37,85만
오남매와 태양씨,안다,9.01,4.7만
예언자판기,저수지상어,9.26,"2,287"
지극히 평범한 생활,슨민찡,9.87,"1,575만"
일상과 망상,닭달이,9.00,60만
고자권,이십이,8.03,4.1만
낮녀밤남,힝,9.65,38만
땅콩집을 위하여,이다올,9.86,181만
카오스이론,노커,9.92,711만
철벽녀 공략법,고니,9.45,"6,483"
의미불명 개그만화,억울맨 김상민,9.86,14만
외국 in 한국,wae_****,9.85,"1,117만"
둘뿐인 교실,둥지,9.32,22만
미신러닝머신,전나무,8.44,1.7만
[BL] 너와 가까워지는 거리,육수,9.77,330만
그 냉장고 안에서는,냉친,9.71,110만
어둠의 창,해2,9.47,5.5만
조폭소녀,un****,9.38,30만
자작 보드게임 동아리,서전트황,9.74,"1,001만"
오직 나의 이름으로,딱지 간호사,9.59,54만
여기는 미드스트로크!,깡통맨,9.91,76만
잘 키운 소환수 하나 백정령 안 부럽다,기럭지미인,9.84,68만
전직 히키코모리 갱생툰,힝,9.49,184만
옆동네 집사,salt****,9.48,3.2만
실험학교,로레오스,9.88,565만
아다마스,Beckstrat,9.51,7.9만
절명화,맹화,8.31,"4,666"
하루땃따,땃따,9.91,776만
고독한 패밀리,금요인,8.49,"4,753"
[시즌2] 언제나 반짝이는,주주,9.10,19만
괴담없는 주식회사,마카,8.68,6.6만
나홀로 짠,샘,9.88,203만
부부사기단늬우스,구영필,9.83,191만
한지붕 새가족,곽마스,9.64,117만
우당탕탕 서윗멀즈,금비,9.84,22만
산군대잔치,다영좍가,9.82,518만
너라는 발견,이대미,9.59,1.7만
자각몽,두한,9.53,7.8만
이게 인생이지,으리01,9.09,5.6만
호텔불란서,김고향,9.72,14만
와이즈먼의 괴물도감,산호해마,9.63,6만
"(말하기),듣기,쓰기",징종,9.12,1.5만
제주정착기,스윗블러드,9.91,44만
바이러스 던전,nts,9.55,3만
리아의 맛 좋은 인생,리아작가,9.88,8.5만
소도시에 삽니다,mini,9.89,289만
우당탕 입큰이,입큰이,9.73,408만
주전부리,백면,9.85,231만
도그피쉬,피터씨,9.34,1.1만
백방구,백면,9.84,18만
너구리네 육아일기,구리^^,9.78,"1,099만"
요리조리,백면,9.82,14만
STONE AGE,JA,9.83,168만
나의 먹잇감,자베,9.05,2.1만
RUN,빨간표,9.75,105만
결혼하고 싶지 않았는데 못하게 되었다.,정변,9.83,451만
화스트 페이스,NoTeamkill,9.87,117만
극야를 비추는 별,EGO,9.02,3.1만
짐승짐,순두,9.50,19만
[BL]네가 먼저 좋아했잖아!,박희열,9.12,238만
찌복툰,찌복,9.65,20만
용사·마왕·우주인,한강새,9.86,446만
오디네리 피플,안카,9.57,37만
100일 안에 나는 너를,우짜,9.24,2.2만
후손들의 이야기,셋하나둘은둘셋하나,9.90,109만
마피아게임에 어서오세요,함소빌,9.46,91만
미가식당-낭만무용담,이보테,9.34,"3,438"
색편이,은단,8.16,2만
대리기사,일그남,9.33,1.3만
스펙월드,후안,8.54,"9,396"
무화가,BUK,9.57,1.7만
대학생 입니다,하 이,9.61,86만
170km,리얼 PEN,8.87,7만
천상대전,myju****,9.84,358만
달을 찾아 루시,해안,9.33,1.8만
모여라! 90년대생!,막대기,9.57,1만
이롭게 하소서!,재누,9.08,2.8만
타임머신 만들기,자드나인,9.83,38만
예수쟁이 다이어리 [시즌2],왕두,9.32,126만
테이커,tmdq****,9.84,"6,129만"
Baby Boy Brother,젠,9.72,80만
불철주야,GONU,9.39,"9,789"
지구의 운명이 9회말 2아웃,Kiddo,6.96,"3,140"
졸렬☆다이나믹,상덕이,9.90,403만
방송주인,he****,9.11,7.5만
봄의 편지,연그림,9.86,41만
백일몽화원,안트로anthrokim,9.69,180만
영웅은 아무나 한다,수방덕,8.53,"6,171"
오춘기 김작가의 그림일기,오춘기 김작가,9.85,156만
우리집 반려인간,최작은,9.34,20만
이기적 동맹,구직신사,9.48,2만
내가 저주하는 히어로,꼬보,9.74,14만
태양의 미소,울랄라,9.59,3.9만
원인탐구생활,코롱,9.88,643만
라이프,닌영,9.74,18만
이모셔널,순감,7.86,"3,439"
고고고,뀰,9.77,281만
견주는 집사,오둥이엄마,9.88,28만
딜레마 존,야나백수,9.62,4.7만
라이즈(RISE),구텔,8.68,9.8만
네게선 레몬향이 났다,유쟈,9.19,8.3만
나에게도 꽃향기가,김선생,9.84,254만
비공개 계정,둘소윤,9.17,2.1만
리미널_이미영,스포일드머핀,9.71,20만
봄비가오면,laur****,8.10,"2,759"
203호 저승사자,@샤니,9.74,143만
미용실의 홍대리,엄국수,9.12,15만
찐삼국사,이용훈,8.00,42만
오빠 어서와,은찬이,9.29,21만
호러타운,Vincent,9.49,20만
재회와 유령의 이야기,이누리,9.76,6.3만
블루돔,신섶,9.48,11만
맛있는 남자,고요빛2,9.81,63만
마음,하프03,9.16,7.7만
컬러리스트,89line,9.81,2.9만
가울,Dexie,9.85,21만
사내 기밀,선월,8.64,3.9만
구름 위 오리,언니,9.87,13만
별을 향해,직냥이,8.58,12만
왜 벌써 어른이쥐,여구리,9.21,30만
연하는 딱 질색이라,dm10****,9.29,2.5만
오늘의 난,난그림,9.42,135만
미가식당,이보테,9.21,3.1만
형혹수심,정재이,9.19,2.2만
0의 온도,dudw****,9.08,"6,049"
법치국가法治國家,파이리,9.50,17만
방구석수필,이민석,9.91,230만
보틀 히어로,노노스,9.84,14만
궁 사랑,글 융공 그림 아가,9.03,4.8만
저주의 나라,wool****,8.26,"3,791"
네펜데스,kimt****,8.97,11만
미스터 신데렐라,박세라,9.70,153만
그녀를 위해 너는 죽어야 한다,비얌Biyam X Hyung,8.20,"5,577"
아타나시아,Tana,9.50,94만
잊혀진 원소와 수정새,깜곰,8.32,"3,199"
나는 마요 집사로소이다,서제니,9.87,479만
퍼펙트 위치,메로니모,9.46,"6,400"
라떼는 말이야,노뱀,9.70,26만
모호담,명안,9.74,110만
"그날, 우리",사료맛캔디,9.53,22만
그 아이는,시카,9.80,7.4만
외계에서 온 지구인,아샷,9.58,21만
문 캐피탈,새콤앵두,8.92,"2,311"
그 영애가 북부대공의 청혼을 거절한 이유,누아랑,9.33,19만
귀신 들린 도시,JUN2,9.66,14만
배고픈 새가 일찍 일어난다,세싸미,9.24,6.9만
카나와 초나의 독일,카나,9.86,695만
여우별잡이,huzi****,9.18,1.1만
허니허니2 - 느리지만 괜찮아,정수B,9.90,154만
원래부터 아무것도 없었던 세계,디마,9.85,426만
시월이툰,kkam****,9.90,858만
배틀!메이드!,강가가,8.15,"9,178"
꽃도둑,용개용,9.82,10만
추추,최 봉근,9.68,18만
여우야 여우야 뭐하니,곰설,9.87,2.9만
죠의 괴기만화,죠 jaw,9.78,549만
DOLL,메엔,9.89,17만
요정이다,stra****,8.45,6.3만
런어웨이,하제,9.81,598만
힐러님 뭐해?,금요인,9.18,16만
D-DAY,주우주,9.18,2.5만
방생금지,신연정,9.24,4.5만
백발의 유성,백바루,9.07,27만
악녀는 이제 그만 퇴장하고 싶습니다,해경,8.17,5.8만
연애 고수되는 법,고니,9.52,40만
곰팡남녀,시미씨,9.90,814만
일상다반사,햄츄,9.57,110만
정글라이프,just****,9.83,6.9만
코히어런트,web,9.41,1.6만
500원 토끼,toma****,9.74,731만
두 예술가들,검꼬,9.82,18만
피오키노,정아!,9.59,29만
눈에는 눈 이에는 이로!,히카,9.52,4.6만
란란,하리,9.84,215만
충충의 하루,choo****,9.65,77만
신령의 아이,bgyo****,9.68,13만
밀어내려고 키스!,비마싯,9.39,3.4만
고인물이 뉴비를 대하는 자세,원자번호20,9.12,7.2만
영생차사,마왕화살,9.34,8.2만
"엄마 ""좀"" 구해줘",김세울,9.24,"9,444"
아틸라,김상철,8.98,"4,214"
작성자OO,이배n반숙,9.12,1.5만
창문을 닫아도 빗소리는 들려,글 송이 그림 송화,8.62,1.5만
이상한 심부름 동아리!,록록,9.54,1.2만
셔틀콕,이갱,9.59,1.6만
와일드파이어,자운,9.68,"8,509"
영구결번,농맨,9.83,20만
너를 사랑하는 가식걸,쀼삥뽕,9.35,2.9만
음대놈들,베베캐롯,9.90,4.4만
"사냥과 식사, 말과 도리",담디담,9.88,17만
좀비 베이비,햇나,9.85,2.6만
소름,RIO,9.84,7만
버그 in 아포칼립스,푸들왕,9.83,1.9만
도담도담,진수,9.38,24만
이승사자 구마사무소,현지인,9.59,1.1만
짝사랑 사생결단,만깍,9.72,2.3만
오리짱!,우영영,9.90,5.3만
마녀의 배를 갈라라,글 온즈x그림 Lipea,9.61,3.1만
뱀파이어의 연금술,달 심청,9.77,"9,629"
평범한 나라의 앨리스,서늬,9.58,1.1만
미화원,zxc,9.45,1만
슈퍼캣,방은우,9.45,16만
깜빡깜빡,퀭씨,9.90,224만
개였는데 기사가 되었습니다,위리,9.84,"7,533"
랭커랑 연애가능,chya****,9.35,2.4만
한모금만!,글 타래 그림 모둠꽃밭,9.37,"6,602"
엄마를 만나러 가는 길,고먕,9.92,40만
모솔탈출 일대기,iove****,9.62,372만
별담고 빵빠레!,땡글땡글,9.53,1.6만
30대 백수 외톨이 일기,가바나,7.31,345만
킬러와 여고생 그리고 개,릴리리하,9.11,"7,150"
경경수의 개발만화,경경수,9.91,86만
너의 홍조가 유죄!,팟,9.61,"9,510"
내 마눌님은 아이돌,낭토,9.61,1.3만
삼흑적성,Err0r,9.78,"2,042"
바보우주,부부붱붱,9.85,"5,564"
불꽃처럼 빛나는,뭉티기ㅣ전갱이,9.48,"6,955"
바다낙원,연어다,9.87,1.8만
비인간서사,호밀밭,9.59,1만
잃어버린,저이,9.33,"2,800"
우리 아이는 외계인에게 납치됐어요,PiT,9.80,"6,363"
나루의 주인,위치로,9.64,"5,122"
그녀를 위한 변태,빔넴,8.99,6.3만
괴이현상 하나,머클 X 곰방,9.82,9.3만
헬하운드,개구락지,9.57,1.6만
엑스트라 이닝,뇨민,9.56,1.1만
처녀귀신 여자친구,냉친,9.46,3.8만
스트리트킹,ding****,5.61,6.2만
귀신망치,백준영,9.26,4.8만
이세계 퐁퐁남,퐁퐁,5.27,137만
가장 위대한 마술사,김윤찬,9.90,4.7만
마왕의 채널,말랭2,9.37,2.1만
사회인에게 너무 벅찬 판타지,Medicine,9.70,"6,849"
백시현상,열정꽈배기 X 쌍룡,9.78,3.1만
데드 투게더!,형지,9.34,2만
던벼락,유재민,9.61,"5,237"
커넥티드 월드,담디담,9.67,16만
개하르방,갱곰,9.85,1.5만
미망,희DA,9.72,"8,845"
무림 요양원,먹선 원숭이,9.38,"5,431"
반쪽이,하얀개미핥기,9.86,2.8만
기로의 밤,DOCI,9.40,1만
좀비 대 조폭,왈개#이형우,9.41,1.9만
초킹,n0m0,9.31,1만
실라,사라무니 X 피기,9.71,1.8만
싸이코 B팀,Sooon,8.56,"5,560"
망한 아이돌도 A/S가 될까요?,온담 무한주아,9.70,1.4만
첩보원악어새,배가봉,8.59,"3,647"
어깨걸이 극락타임!,닭군,9.30,"6,443"
호붕빵 아저씨 (4컷만화),정다운,9.87,37만
달을 따라,또월,9.08,2.2만
호붕빵 아저씨,정다운,9.87,6.4만
소년경찰,gngn****,9.43,6.4만
꽃밭의 라스,한숨,9.80,"7,694"
흡혈고등학교,한숨,9.86,2만
펜타가드,지마,9.67,1.6만
별 거 아니겠지,쥐망,9.89,4.8만
아베 마리아,수풀,8.79,"7,908"
리히트,용 과,9.54,1.5만
혼밥하는 호랑이님,삼계존,9.80,3.3만
소녀바둑,큐띠뿅,9.40,4.9만
꿈바꼭질,신여로 x 펭,9.81,16만
이웃집 유부녀,예묘,9.90,"3,204만"
슬픔을 먹는 남자,김마토,9.89,555만
썰,이삼 l 장버들,9.05,5.6만
푸른 달이 머무는 탑,kookoo,9.17,1.8만
디스토션,PARANSON,9.86,"8,980"
