품목,가격,할인가격
SKIN1004 Madagascar Centella Toning Toner 210ml,USD 20.00,USD 13.99
COSRX Full Fit Propolis Synergy Toner 150ml,USD 28.00,USD 13.29
ROUND LAB 1025 Dokdo Toner 200ml,USD 17.00,USD 13.60
SKIN1004 Madagascar Centella Probio-Cica Essense Toner 210ml,USD 24.00,USD 13.99
numbuzin No.5 Vitamin-Niacinamide Concentrated Pad 180ml (70 Pads),USD 26.00,USD 20.80
SKIN1004 Madagascar Centella Poremizing Clear Toner 210ml,USD 21.00,USD 13.49
celimax Jiwoogae Heartleaf BHA Peeling Pad 60pcs (22AD),USD 17.50,USD 12.25
haruharu wonder Black Rice Hyaluronic Toner 150ml (Fragrance Free),USD 22.00,USD 15.40
COSRX AHA/BHA CLARIFYING TREATMENT TONER 150ml,USD 17.25,USD 12.39
ROUND LAB 1025 Dokdo Toner 100ml,USD 13.00,USD 11.05
SKINFOOD Royal Honey Propolis Enrich Cream Mist 120ml,USD 28.30,USD 13.29
Anua Heartleaf 77% Soothing Toner 250ml,USD 23.00,USD 19.55
COSRX BHA BLACKHEAD POWER LIQUID 100 ML,USD 20.81,USD 12.69
I'M FROM Rice Toner 150ml,USD 28.00,USD 23.80
celimax The Real Noni Energy Ampoule Mist 50ml,USD 16.00,USD 13.60
SKIN1004 Madagascar Centella Hyalu-Cica Cloudy Mist 120ml,USD 22.00,USD 11.89
SOME BY MI AHA BHA PHA 30 Days Miracle Toner 150ml,USD 22.57,USD 15.80
COSRX Balancium Comfort Ceramide Cream Mist 120ml,USD 29.00,USD 12.79
Anua HEARTLEAF 77% SOOTHING TONER 40ml,USD 9.00,USD 7.65
numbuzin No.1 Pure-Full Calming Herb Toner 300ml,USD 24.00,USD 19.20
Anua Heartleaf 77% Soothing Toner 150ml,USD 18.00,USD 15.30
SKIN1004 Madagascar Centella Toning Toner 30ml,USD 9.30,USD 7.49
SKIN1004 Madagascar Centella Tea-Trica Purifying Toner 210ml,USD 20.00,USD 14.99
numbuzin No.5+ Vitamin Boosting Essence Toner 200ml,USD 22.00,USD 17.60
celimax The Real Noni Moisture Balancing Toner 150ml,USD 25.00,USD 21.25
celimax Dual Barrier Creamy Toner 150ml,USD 24.00,USD 16.80
SKIN1004 Madagascar Centella Toning Toner 400ml,USD 33.00,USD 20.99
numbuzin No.3 Super Glowing Essence Toner 200ml,USD 22.00,USD 17.60
SKIN1004 Madagascar Centella Tone Brightening Boosting Toner 210ml,USD 24.00,USD 13.99
numbuzin No.1 Centella Re-Leaf Green Toner Pad 190ml (70pad),USD 24.00,USD 19.20
WELLDERMA RETINOL PEPTIDE LIFTING RESTORE ESSENCE TONER 150ml,USD 48.60,USD 13.61
Isntree Ultra-Low Molecular Hyaluronic Acid Toner 300ml,USD 23.40,USD 18.72
ROUND LAB 1025 Dokdo Toner 500ml,USD 34.00,USD 28.90
APLB Glutathione Niacinamide Toner Pad 60pads,USD 16.40,USD 9.59
Isntree Green tea Fresh Toner 200ml,USD 19.90,USD 15.92
COSRX CENTELLA WATER ALCOHOL FREE TONER 150ml,USD 17.25,USD 12.39
AXIS-Y The Mini Glow Set,USD 9.80,USD 7.84
numbuzin No.3 Super Glowing Essence Toner 100ml,USD 13.00,USD 10.40
COSRX AHA 7 WHITEHEAD POWER LIQUID 100ml,USD 17.81,USD 11.59
Anua Heartleaf 77% Clear Pad 160ml,USD 26.00,USD 22.10
A'PIEU Raspberry Vinegar Hair Mist 105ml,USD 16.07,USD 10.28
haruharu wonder Black Rice Hyaluronic Toner For Sensitive Skin 300ml,USD 35.00,USD 24.50
ROUND LAB 1025 Dokdo Toner Lotion Special Set (Toner 200ml + Lotion 200ml),USD 35.00,USD 22.00
SKIN1004 Madagascar Centella Hyalu Cica Brightening Toner 210ml,USD 22.00,USD 14.49
celimax Pore+Dark Spot Brightening Pad 40pads,USD 20.00,USD 17.00
TIAM Vita B3 Mist Toner 200ml,USD 18.00,USD 11.49
Isntree Hyaluronic Acid Toner 200ml,USD 17.80,USD 14.24
Abib Heartleaf Spot Pad Calming Touch 80ea,USD 24.00,USD 20.40
Anua Heartleaf 77% Soothing Toner 500ml,USD 35.00,USD 29.75
ROUND LAB 1025 Dokdo On The Go Kit,USD 23.00,USD 19.55
numbuzin No.1 Pure-Full Calming Herb Toner 100ml,USD 13.00,USD 10.40
Pyunkang Yul Essence Toner 200ml,USD 21.90,USD 18.61
COSRX Pure Fit Cica Pad 90ea,USD 27.00,USD 17.69
Abib Heartleaf calming toner (miniature) Skin booster 30ml,USD 7.00,USD 5.95
MIGUHARA Vital Shine Mist Serum 100ml,USD 28.00,USD 23.80
ANUA BHA 2% Gentle Exfoliating Toner 150ml,USD 25.00,USD 21.25
Anua Peach 77% Naiacin Essence Toner 250ml,USD 25.00,USD 21.25
Abib Glutathiosome Dark Spot Pad Vita Touch 220ml,USD 24.00,USD 20.40
Nature Republic Soothing & Moisture Aloe Vera 92% Soothing Gel Mist 155ml,USD 10.50,USD 8.92
Purito SEOUL Wonder Releaf Centella Toner Unscented 200ml,USD 27.00,USD 16.79
FRANKLY Closer Toner Pads 70ea (105ml),USD 16.50,USD 14.02
Isntree Hyaluronic Acid Toner Plus 200ml,USD 22.20,USD 16.65
APLB Glutathione Niacinamide Mist Essence 105ml,USD 16.40,USD 9.80
Dr.Ceuracle Vegan Kombucha Tea Special Set,USD 79.00,USD 37.99
Genabelle PDRN Rejuvenating Toner 300ml,USD 29.00,USD 24.65
By Wishtrend Mandelic Acid 5% Skin Prep Water 120ml,USD 22.00,USD 15.40
so natural Vegan Make up Calm Fixx 100ml,USD 19.20,USD 16.32
ROUND LAB 1025 Dokdo Trial Kit,USD 25.00,USD 21.25
ROUND LAB Pine Calming Cica Trial Kit,USD 25.00,USD 21.25
ROUND LAB Birch Juice Trial Kit,USD 25.00,USD 21.25
APLB AHA BHA PHA Centella Facial Toner 160ml,USD 16.40,USD 13.12
ROUND LAB Mugwort Calming Toner 300ml(Renewal),USD 27.00,USD 22.95
COSRX Refresh AHA/BHA Vitamin C Daily Toner 150ml,USD 28.00,USD 13.19
SKIN1004 Madagascar Centella Hyalu-Cica Brightening Toner 30ml,USD 9.80,USD 7.49
Dr.G R.E.D Blemish Cica Soothing Cream Special Set(80ml+30ml+20ml),USD 50.00,USD 25.00
SNP Prep Peptaronic Toner 320ml (22AD),USD 22.00,USD 18.70
ONE THING NIACINAMIDE 10% 150ml,USD 18.96,USD 16.12
"Dear, Klairs Supple Preparation Unscented Toner 180ml",USD 22.00,USD 18.70
SNP PREP it's time to prep Salironic set,USD 39.00,USD 21.99
SKINFOOD Royal Honey Propolis Enrich Toner 160ml,USD 30.30,USD 16.36
APLB Glutathione Niacinamide Facial Toner 160ml,USD 16.40,USD 13.12
Pyunkang Yul Essence Toner 100ml,USD 14.50,USD 12.32
SOME BY MI AHA BHA PHA 30 Days Miracle Starter Kit Edition,USD 26.29,USD 18.40
Abib Heartleaf Calming Toner Skin Booster 200ml,USD 23.00,USD 19.55
ROUND LAB Pine Calming Cica Toner 250ml,USD 25.00,USD 21.25
TIAM Vita B5 Toner 180ml,USD 18.60,USD 11.49
ROUND LAB Soybean Nourishing Toner 300ml,USD 27.00,USD 22.95
ROUND LAB Pine Calming Cica Pad 50pcs,USD 28.00,USD 23.80
Abib Heartleaf Facial Mist Calming Spray Set (150ml+Refill 150ml),USD 23.00,USD 19.55
"Dear, Klairs Supple Preparation Facial Toner 180ml",USD 22.00,USD 18.70
ONE THING Centella Asiatica Extract 300ml,USD 30.58,USD 25.99
Cell Fusion C Cooling Pad 70pads,USD 23.00,USD 19.55
Celimax JI WOO GAE Cica BHA Blamish Toner Pad 60pcs,USD 25.00,USD 21.25
COSRX Pure Fit Cica Toner 150ml,USD 22.00,USD 13.39
Isntree Hyaluronic Acid Toner 400ml,USD 32.20,USD 25.76
APLB Retinol Vitamin C Vitamin E Facial Toner 160ml,USD 16.40,USD 13.12
Isntree YAM ROOT VEGAN MILK TONER 200ml,USD 22.20,USD 17.76
BENTON Aloe BHA Skin Toner 200ml (22AD),USD 19.00,USD 16.15
ROUND LAB Birch Juice Moisturizing Toner 300ml,USD 27.00,USD 22.95
mixsoon Centella Toner Pad,USD 26.00,USD 23.40
Mary&May Rose Collagen Mist Serum 100ml,USD 23.50,USD 19.97
COSRX Two In One Poreless Power Liquid 100ml,USD 22.00,USD 12.99
SKINFOOD RICE BRIGHTENING TONER 160ml,USD 20.00,USD 13.99
mixsoon Bifida Toner 150ml,USD 15.00,USD 13.50
COSRX Low pH Niacinamide Micellar Cleansing Water 400ml,USD 23.50,USD 17.49
VT Cica Mild Toner Pad 130ml / 60ea,USD 14.40,USD 11.52
MISSHA Glow Skin Balm To Go Mist 80ml,USD 21.48,USD 13.39
Sulwhasoo Essential Comfort Firming Care Ritual (7 Items),USD 89.00,USD 75.65
Dr.Jart+ Ceramidin Skin Barrier Serum Toner 150ml,USD 39.00,USD 25.74
THE PLANT BASE Pore N Turn-Over 28 AHA BHA Toner 150ml,USD 15.90,USD 11.45
MISSHA Vita C Plus Ascorbic Acid Brightening Toner 200ml,USD 19.66,USD 14.55
ASIS-TOBE Forest Relaxing Toner 200ml,USD 21.00,USD 12.99
mixsoon Bean Toner 100ml,USD 12.00,USD 10.80
haruharu wonder Black Bamboo Mist 80ml,USD 15.62,USD 10.93
JUMISO Waterfull Hyaluronic Acid Toner 250ml,USD 22.00,USD 18.70
Benton Deep Green Tea Toner 150ml,USD 14.69,USD 12.49
mixsoon Bifida Toner Pad (120ea/280ml),USD 26.00,USD 23.40
mixsoon Centella Asiatica Toner 150ml,USD 15.00,USD 13.50
APLB Salicylic Acid BHA Arbutin Facial Toner 160ml,USD 16.40,USD 13.12
numbuzin No.3 Radiance Glowing Jumbo Essence Pad 150ml/ 70Pads,USD 24.00,USD 19.20
numbuzin No.4 Hydrating Glow Mineral Toner 200ml,USD 22.00,USD 17.60
NEOGEN Dermalogy Real Ferment Micro Toner 150ml,USD 22.00,USD 17.60
ROUND LAB 1025 Dokdo Pad 70ea,USD 27.00,USD 22.95
BLITHE Vital Treatment 8 Nourishing Beans 150ml,USD 42.90,USD 36.46
S.NATURE Aqua Oasis Toner 300ml,USD 24.00,USD 20.40
APLB Hyaluronic Acid Ceramide HA B5 Facial Toner 160ml,USD 16.40,USD 13.12
COSRX One Step Original Clear Pad 70ea,USD 24.00,USD 13.99
Pyunkang Yul Calming Deep Moisture Toner 150ml,USD 15.00,USD 12.75
COSRX Hydrium Watery Toner 150ml,USD 28.00,USD 13.19
Abib Heartleaf Calming Trial Kit,USD 18.00,USD 15.30
mixsoon Galactomyces Toner Pad (60ea/280ml),USD 26.00,USD 23.40
Cell Fusion C Pore Tox Pad 60pads,USD 16.50,USD 14.02
ONE THING Niacinamide 10% 300ml,USD 34.00,USD 28.90
mixsoon Bean Toner Pad,USD 26.00,USD 23.40
GROUNDPLAN Mist 20ml,USD 11.00,USD 5.49
I'M FROM Rice Toner Pad 60ea,USD 26.00,USD 22.10
LAGOM Cellus Mist Toner 120ml,USD 28.00,USD 23.80
Real Barrier Extreme Essence Toner 200ml,USD 30.00,USD 14.19
SOME BY MI Yuja Niacin Anti-Blemish Starter Kit,USD 26.29,USD 18.40
ONE THING Galactomyces Ferment Filtrate 150ml,USD 33.00,USD 28.05
AXIS-Y Dark Spot Correcting Glow Toner,USD 28.00,USD 18.20
NACIFIC Phyto Niacin Brightening Toner Pad 80 sheet,USD 28.00,USD 19.60
Abib Green LHA Pore Pad Clear Touch 210ml,USD 24.00,USD 20.40
mixsoon Panax Ginseng Root Toner 150ml,USD 15.00,USD 13.50
Mary&May Vegan CICA Tea Tree Toner Special Set 200ml+30ml+Eye cream 12g,USD 28.99,USD 24.64
mixsoon Centella Asiatica Toner 300ml,USD 25.00,USD 22.50
BANOBAGI Rejuvenating Vital Skin Softener 120ml,USD 47.50,USD 20.90
Purito SEOUL Wonder Releaf Centella Toner 200ml,USD 27.00,USD 16.79
Dr.Ceuracle Pro Balance Biotics Toner 300ml,USD 30.00,USD 22.50
Elizavecca Hell-Pore Clean up AHA Fruit Toner 200ml,USD 14.00,USD 11.48
AFTERLAB Hydrating Barrier Clarifying Toner Azulene 200ml,USD 10.50,USD 10.50
It's Skin Peptide Collagen Toner 150ml,USD 18.00,USD 12.99
Ongredients Revitalizing Toner Pad 60Pads / 160g,USD 23.00,USD 19.55
"Dear, Klairs Supple Preparation Unscented Toner 30ml",USD 9.00,USD 7.65
su:m37 Time Energy Special Set (2 items),USD 105.00,USD 52.50
S.NATURE Aqua Oasis Panthe-Allan Calming Pad 60pcs,USD 25.00,USD 21.25
Cell Fusion C Cica Cooling Pad 70pads,USD 23.00,USD 19.55
Meebak Glow Serum Mist (Vitamin Boost) 100ml,USD 26.00,USD 22.10
Mary&May Vegan CICA Tea Tree AHA PHA Blemish Toner 200ml,USD 27.00,USD 13.99
[SET] numbuzin No.3 Toner + Serum Set,USD 50.00,USD 40.00
THANK YOU FARMER Rice Pure Essential Toner 200ml,USD 28.00,USD 23.80
ROUND LAB Soybean Panthenol Toner 250ml,USD 25.00,USD 21.25
VT Cica Vital Toner 500ml,USD 21.00,USD 17.85
NACIFIC Uyu Cream Toner 150ml,USD 25.00,USD 17.50
One-day's you Help Me Real Collagen Pad 130ml (70pads),USD 23.33,USD 19.83
PURCELL 24/7 Colostrum Pore Defence Ampoule 55ml,USD 37.00,USD 31.45
Nature Republic Green Derma Mild Cica Big Toner 500ml,USD 21.80,USD 18.53
Abib Sedum hyaluron pad Hydrating Touch 165ml,USD 24.00,USD 20.40
mixsoon Galactomyces Toner 300ml,USD 25.00,USD 22.50
Mary&May Vitamin B5+Bifida Toner 120ml,USD 19.50,USD 16.57
haruharu wonder Black Rice Hyaluronic Toner 300ml,USD 32.00,USD 22.40
Isntree Aloe Soothing Toner 200ml,USD 19.90,USD 14.92
Abib Jericho Rose Collagen Pad Firming Touch 60pads,USD 24.00,USD 20.40
BENTON Heartleaf Toner 150ml,USD 14.00,USD 11.19
FRUDIA What’s Wrong Help AC Clear Pad 2pads,USD 1.50,USD 1.42
Mary&May Intense Moisture Care Travel Kit (5pcs),USD 26.80,USD 22.78
NEOGEN Dermalogy Poreraser Clear BHA Pad 160ml 90 PADS,USD 24.00,USD 19.20
ARIUL Watermelon Hydro Vital Gel Mist 120ml,USD 15.00,USD 12.75
SUNGBOON EDITOR Green Tomato Pore Lifting Toner 350ml,USD 30.00,USD 25.50
MISSHA Perfumed shower Cologne 105ml,USD 10.16,USD 7.11
One-day's you Help Me Eco-Intense Ceramide Ampoule Pad 160ml (90pads),USD 23.33,USD 19.83
SKINFOOD PINK GRAPEFRUIT AHA TONER 200ml,USD 17.00,USD 13.26
GROUNDPLAN Mist 50ml,USD 22.00,USD 18.70
APLB Collagen EGF Peptide Facial Toner 160ml,USD 16.40,USD 13.12
KSECRET Calamine 30 Days Secret Toner 160ml,USD 20.00,USD 15.00
ROVECTIN Clean Lotus Water Calming Toner 200ml,USD 22.00,USD 18.70
WellDerma SAPPHIRE COLLAGEN IMPACT HYDRO TONER 100ml,USD 45.00,USD 17.10
TIAM AC Fighting AHA BHA PHA Toner 180ml,USD 18.70,USD 11.99
NEOGEN DERMALOGY Real Cica Pad 90ea,USD 17.90,USD 14.32
COMMONLABS Vitamin C Brightening Peeling Toner 200ml,USD 21.00,USD 17.85
Isntree ULTRA-LOW MOLECULAR HYALURONIC ACID ZINC COOLING PAD 150ml (60ea),USD 24.00,USD 19.20
SOME BY MI Yuja Niacin 30 Days Miracle Brightening Toner 150ml,USD 22.57,USD 15.80
BANOBAGI Milk Thistle Repair Toner 200ml,USD 32.80,USD 16.40
AXIS-Y Daily Purifying Treatment Toner 200ml,USD 25.00,USD 16.25
COSRX AC Collection Calming Liquid Intensive 125ml,USD 26.00,USD 13.39
NACIFIC Fresh Herb Origin Mist Serum 100ml,USD 29.00,USD 20.30
molvany Artichoke Soothing Acne Pore Toner Pad 70ea,USD 28.50,USD 28.50
mixsoon 3-Layering Essence No.1 Set,USD 93.00,USD 74.40
MIGUHARA Vital Shine Glow Ampoule Pad (70pads/150ml),USD 34.00,USD 16.99
Anua Birch Moisture Boosting Toner 250ml,USD 23.00,USD 19.55
Pyunkang Yul ACNE Toner 150ml,USD 18.00,USD 15.30
COSRX Hydrium Watery Toner 50ml,USD 9.00,USD 7.29
Abib Jericho Rose Mist Serum Glow Spray 100ml,USD 25.00,USD 21.25
VEGREEN Alcohol-Free Nature Mucin Essence Toner 150ml,USD 14.00,USD 9.99
MIGUHARA Ultra Whitening Perfection Skin Origin 400ml,USD 35.00,USD 29.75
Isntree Onion New pair Essence Toner 200ml,USD 25.60,USD 20.48
MISSHA Super Aqua Ultra Hyalron Skin Essence 200ml,USD 23.16,USD 14.82
ONE THING Houttuynia Cordata Extract 150ml,USD 20.54,USD 17.46
"Logically, Skin Aquatide Multi-Purpose Toner Mist 200ml",USD 42.00,USD 16.80
RiRe Pore Tightening Fresh Toner 300ml,USD 18.00,USD 12.60
SOME BY MI Snail Truecica Miracle Repair Starter Kit Edition,USD 26.29,USD 18.40
skin79 Golden Snail Intensive Toner 130ml,USD 27.00,USD 15.66
Dixionist amino acid Toner 250ml,USD 30.00,USD 21.00
NACIFIC Fresh Herb Origin Toner Pad 60 sheet,USD 27.00,USD 18.90
AFTERLAB Hydrating Barrier Toning Toner EGF 200ml,USD 10.50,USD 10.50
NACIFIC Phyto Niacin Brightening Toner 150ml,USD 24.00,USD 16.80
Sisua by Unleashia Tasmanian Pepper Calming 2-Piece Pad 70ea,USD 26.00,USD 22.10
mixsoon Bifida Toner 300ml,USD 25.00,USD 22.50
ONE THING Houttuynia Cordata Extract 300ml,USD 30.58,USD 25.99
ONE THING Propolis + Honey Extract 300ml,USD 30.58,USD 25.99
daymellow Amazon Belief Balancing Peeling Pad 70pcs,USD 23.00,USD 11.04
SOME BY MI Super Matcha Pore Tightening Toner 150ml,USD 22.57,USD 15.80
ROVECTIN Cica Care Balancing Toner 260ml,USD 24.00,USD 20.40
Pyunkang Yul Mist Toner 100ml,USD 14.31,USD 12.16
goodal Green Tangerine VITA-C Dark Spot Care Serum Mist 100ml,USD 20.00,USD 17.00
SNP PREP Salironic Toner 220ml,USD 16.00,USD 13.60
MISSHA Geumsul Jin Toner 150ml,USD 30.00,USD 20.40
ROUND LAB For Men Birch Juice Moisturizing Toner 200ml,USD 26.00,USD 22.10
NACIFIC Origin Red Salicylic Acid Toner 150ml,USD 24.00,USD 16.80
ONE THING Centella Asiatica Extract 150ml,USD 20.54,USD 17.46
haruharu wonder Black Bamboo Mist 150ml,USD 24.00,USD 16.80
BLITHE INBETWEEN Aurora Second Skin Primer & Setting Mist 82ml,USD 28.99,USD 24.64
SOME BY MI Galactomyces Pure Vitamin C Glow Toner 200ml,USD 22.57,USD 15.80
NACIFIC Fresh Herb Origin Toner 150ml,USD 26.00,USD 18.20
onone Blooming Cactus First Toner 250ml,USD 16.50,USD 14.02
FRANKLY Cica 80% & Hyaluronic Acid Toner 260ml,USD 20.50,USD 17.42
JUMISO All Day Vitamin Glow Boost Facial Toner 125ml,USD 22.00,USD 18.70
skin79 SHINE YUJA TONER 200ml,USD 18.00,USD 13.32
Anua Birch Moisture Boosting Pad 70ea,USD 24.00,USD 20.40
SKINFOOD Yuja C Dark Spot Clear Toner 200ml,USD 39.00,USD 16.38
AHOHWA Control Clinical Toner 140ml,USD 20.91,USD 14.64
SOME BY MI Propolis B5 Glow Barrier Calming Toner 150ml,USD 22.57,USD 15.80
Dr.Jart+ Ctrl-A Teatreement Toner 120ml,USD 25.00,USD 15.00
NACIFIC Phyto Niacin Whitening Toner 150ml,USD 24.00,USD 16.80
Pyunkang Yul Mist Toner 200ml,USD 22.10,USD 18.78
HAYEJIN RiceFila™ Oil Toner 150ml,USD 30.00,USD 18.00
SUNGBOON EDITOR Green Tomato Travel Kit 150g,USD 30.00,USD 25.50
Dr.Melaxin Aqua Ion Plasma Hydrating Watery Toner 200ml,USD 29.57,USD 20.70
BENTON Guava 70 Skin Toner Face Mask Pad (70 pads),USD 36.00,USD 30.60
Parnell Cicamanu Cotton Clear Pad 90 pads,USD 24.00,USD 15.99
Dr.Jart+ Ctrl-A Teatreement Toner 200ml,USD 30.00,USD 20.40
mixsoon Heartleaf Toner 150ml,USD 15.00,USD 13.50
SNP Gold Collagen Expert Toner 200ml,USD 25.00,USD 21.25
Isntree Chestnut BHA 0.9% Clear Toner 200ml,USD 18.70,USD 14.02
Dr.G Red Blemish Clear Quick Soothing Pad 70ea,USD 34.95,USD 24.47
KAINE Kombu Balancing Ampoule Toner 150ml,USD 28.80,USD 24.48
P.CALM Barrier_cycle Toner 200ml,USD 38.00,USD 16.99
NACIFIC Pink AHA BHA Toner 150ml,USD 26.00,USD 18.20
iUNIK Tea Tree Relief Toner 200ml,USD 21.99,USD 18.69
BLIV:U Collagen Bouncing Toner 200ml,USD 27.00,USD 22.95
Dr.Melaxin BP Exfoliating Pad (70 pads),USD 38.57,USD 27.00
su:m37 LosecSumma Luxury Set (5 items),USD 560.00,USD 229.99
Parnell Apple Vinegar Pore Pad 60pads,USD 32.00,USD 25.60
VT Reedle Shot Synergy Sparkling Toner 150ml,USD 22.08,USD 17.66
SUNGBOON EDITOR Green Tomato Pore Peeling Jumbo Pad 180ml(60pcs),USD 30.00,USD 25.50
Dr.G R.E.D BLEMISH FOR MENMULTI SOOTHING TONER 200ml,USD 31.00,USD 21.70
SKINFOOD Acorn Pore Peptide Pad 60ea,USD 28.00,USD 18.19
MISSHA Bee Pollen Renew Mist Ampoule 100ml,USD 28.00,USD 15.68
ETUDE Moistfull Collagen Intense Toner 200ml,USD 25.00,USD 21.25
RiRe All Kill Toner Pad 70ea,USD 15.50,USD 12.09
ETUDE Moistfull Collagen Facial Toner 200ml,USD 19.23,USD 16.35
BLITHE Vital Treatment 5 Energy Roots 150ml,USD 37.60,USD 31.96
One-day's you Help Me! Ice Cooling Pad 110ml (80pads),USD 20.00,USD 17.00
yeppda Niacinamide 3% Water Toner 200ml,USD 15.00,USD 12.75
One-day's you Help Me PORE-T Pad 125ml (60pads),USD 20.00,USD 17.00
Genabelle Aquaporin Intense Cream Toner 120ml,USD 26.00,USD 22.10
Milk Touch Hedera Helix Green Hyaluron 6s Soothing Pad (60pcs),USD 30.00,USD 24.00
MIMZ Bilberry Skin Texture Toner 200ml,USD 26.00,USD 26.00
AROCELL Pore Clear Pads 70pads,USD 39.00,USD 33.15
LAGOM Cellus Revive Essence Toner 200ml,USD 35.00,USD 29.75
ONE THING Cica Ceramide Toner 250ml,USD 25.00,USD 16.99
ATHE DOUBLE-LIFT SERUM MIST 100ml,USD 40.00,USD 34.00
BLITHE Vital Treatment 6 Calming Leaves 150ml,USD 34.00,USD 28.90
FRUDIA Green Grape Pore Control Toner 195g,USD 19.50,USD 18.52
Dr.G Red Blemish Clear Soothing Toner 300ml,USD 29.95,USD 17.97
COSRX One Step Moisture Up Pad 70ea,USD 24.00,USD 13.99
ONE THING Calendula Officinalis Flower Extract 300ml,USD 30.58,USD 25.99
daymellow Aqualron Watery Toner 300ml,USD 21.00,USD 13.44
I'm Sorry For My Skin Relaxing Toner Calming 200ml,USD 25.00,USD 13.50
SOME BY MI Snail Truecica Miracle Repair Toner 135ml,USD 23.00,USD 16.10
COSRX AC Collection Calming Liquid Mild 125ml,USD 26.00,USD 13.99
🍊[OPEN RUN] TIAM Vita B3 Mist Toner 200ml,USD 18.00,USD 7.99
BLIV:U Collagen Bouncing Serum Pad (50pads),USD 34.90,USD 29.66
CCLIMGLAM Cica Regain 4-Step Travel Kit 10ea,USD 20.08,USD 16.06
SUNGBOON EDITOR Apple Peel Syrup Coating Glow Skin Pad (40 pads),USD 32.00,USD 27.20
SKINFOOD Avocado Rich Toner 160ml,USD 18.00,USD 14.40
Parnell Cicamanu Serum Mist 50ml,USD 23.00,USD 18.40
Parnell Cicamanu Toner 200ml,USD 25.00,USD 14.99
efilow Heartleaf Biome Balancing Toner 300ml,USD 26.00,USD 14.99
mixsoon Bean Toner 300ml,USD 28.00,USD 25.20
VT Reedle Shot Synergy Sparkling Toner Pad 80ea,USD 26.88,USD 21.50
MIGUHARA Cica Bakuchiol Calming Pad (70pads/150ml),USD 34.00,USD 28.90
ONE THING Cica Peeling Toner Pad 180g,USD 27.00,USD 16.19
THE FACE SHOP Dr.Belmeur Total Youth Biome Essential Toner 145ml,USD 32.00,USD 27.20
P.CALM Barrier cycle Toner Mist 60ml,USD 14.50,USD 12.32
ARIUL Vitamin C Balancing toner 150ml,USD 27.00,USD 22.95
Shimoment bakuchiol glow skin toner pad 200ml(60pcs),USD 28.00,USD 15.69
SCINIC Hyaluronic Acid Ampoule Skin 150ml,USD 18.00,USD 12.60
Papa Recipe Eggplant Clearing Peeling Pad Toner 70pads (22AD),USD 28.00,USD 23.80
AXIS-Y Biome Comforting Infused Toner 200ml,USD 27.00,USD 16.20
Real Barrier Aqua Soothing Toner 190ml,USD 26.43,USD 14.80
ONE THING Hyaluronic Acid Complex 150ml,USD 23.52,USD 19.99
HOLIKA HOLIKA Honey Royalactin Serum Mist 120ml,USD 29.16,USD 17.50
iUNIK Vitamin Hyaluronic Acid Vitalizing Toner 200ml,USD 21.99,USD 18.69
NACIFIC Real Calendula Floral Toner 180ml,USD 26.00,USD 18.20
HOLIKA HOLIKA Biotin Damage Care Oil Mist 120ml,USD 11.66,USD 9.91
KWAILNARA Moisturizing Milk Ceramide Toner 200ml,USD 19.20,USD 18.24
THERAPHYTOABEL THERAPHYTO CREAM MIST 80ml,USD 16.00,USD 13.60
It's Skin V7 Hyaluronic Toner 150ml,USD 18.00,USD 13.32
It's Skin Power 10 Formula LI Toner Pad 60ea/140ml,USD 25.00,USD 17.50
POUR LA PEAU Calamine Skin Relief Toner 150ml,USD 22.31,USD 13.99
One-day's you Help Me DACTO Pad 125ml (60pads),USD 20.00,USD 17.00
Sungboon Editor Deep Collagen Barrier Serum Mist 95ml,USD 38.00,USD 32.30
FRANKLY AHA 8.05% Toner 100ml,USD 18.10,USD 15.38
Dr.Wellmadeone Soonsak Toner 30ml,USD 15.00,USD 12.75
ADD EFFECT+ Propolis Plus Toner 50ml,USD 15.00,USD 9.00
ADD EFFECT+ AHA/BHA Treatment Plus Toner 50ml,USD 15.00,USD 9.00
mixsoon Daisy Toner 300ml,USD 25.00,USD 22.50
MIGUHARA Cica Bakuchiol Cleanse Toner 120ml,USD 39.00,USD 33.15
SUNGBOON EDITOR Saccharomy Clear Skin Toner 160ml,USD 20.00,USD 17.00
Holika Holika Cerabarrier Moisture Active Cream in Mist 120ml,USD 19.00,USD 16.15
"Dear, Klairs Daily Skin Hydrating Water 500ml",USD 28.00,USD 23.80
Dr.G Dermoisture Barrier.D Liquid Toner 200ml,USD 31.00,USD 17.05
Dr.G A'CLEAR BALANCING TONER 200ml,USD 27.00,USD 18.90
ONE THING Citrus Unshiu Fruit Extract 150ml,USD 20.54,USD 17.46
ONE THING Calendula Officinalis Flower Extract 150ml,USD 18.96,USD 16.12
Petitfee Beautifying Toner 150ml,USD 15.00,USD 10.20
MISSHA Bee Pollen Renew Ampoule Skin 150ml,USD 22.16,USD 16.84
One-day's you Pore Tightening Toner 150ml,USD 20.83,USD 17.71
Veware Vegan Honeysuckle Hyaluronic Acid 5 Toner 200ml,USD 30.00,USD 16.49
heimish Matcha Biome Redness Relief Hydrating Toner 150ml,USD 25.00,USD 21.25
12GRABS EXPERIENCE SET,USD 24.00,USD 20.40
One-day's you Help Me DACTO Pad REFILL 125ml (60pads),USD 12.50,USD 10.62
BEYOND Angel Aqua Moisture Barrier Toner 500ml,USD 25.00,USD 21.25
Real Barrier Aqua Soothing Ampoule Pad 130ml (70ea),USD 25.00,USD 15.50
NATURE REPUBLIC Vitapair C Dark Spot Serum Special Set,USD 24.90,USD 15.59
Muldream Brightening Glow Mist  100ml,USD 19.80,USD 16.83
LALUCELL Plant Extract Fresh Calming Toner 200ml,USD 32.00,USD 27.20
SUNGBOON EDITOR Meoru Podo VitaC Dark Spot Pad 60pcs,USD 32.00,USD 27.20
NACIFIC Hyal Booster Toner 150ml,USD 24.00,USD 16.80
Dr.oracle 21:Stay A-Thera Toner 120ml,USD 28.80,USD 14.40
ATHE Vitalc-Some™ Toning Capsule Toner 130ml,USD 36.00,USD 30.60
MIGUHARA Green Tea Calming Essence Toner Origin 200ml,USD 38.00,USD 32.30
SKIN&LAB Tricicabarrier Soothing Toner 150ml,USD 19.00,USD 14.82
CNP Invisible Peeling Booster Essence 100ml,USD 35.00,USD 29.75
Dr.Belmeur Cleanface Mild Toner 145ml,USD 18.54,USD 15.76
SKINFOOD Pantothenic Water Parsley TONER 300ml,USD 34.60,USD 17.99
THE FACE SHOP Pomegranate & Collagen Volume Lifting Toner 160ml,USD 24.89,USD 21.16
AHOHWA Recovery Booster Solution 140ml,USD 30.97,USD 21.68
ONE THING COIX LACRYMA-JOBIMA-YUEN SEED EXTRACT 150ml,USD 18.96,USD 16.12
Dr.Ceuracle Hyal Reyouth Toner 120ml,USD 28.00,USD 21.00
NACIFIC Fresh Cica Plus Clear Toner 150ml,USD 26.00,USD 18.20
MISSHA Cicadin Hydro pH Toner 165ml,USD 17.16,USD 14.07
MISSHA Bee Pollen Renew Treatment 150ml,USD 21.66,USD 16.03
Pyunkang Yul Ultimate Calming Solution Toner 110ml,USD 24.00,USD 15.59
AFTERLAB Hydrating Barrier Toner Sodium Hyaluronate 200ml,USD 10.50,USD 10.50
belif Witch Hazel Herbal Extract Toner 200ml,USD 34.00,USD 23.80
12GRABS Octuple Hyaluron Moist Toner 150ml,USD 28.00,USD 12.99
BON UGLY Firming Kelp Rolling Toner 150ml,USD 29.00,USD 14.49
GROUNDPLAN Peeling Pad 110ml,USD 29.00,USD 24.65
Genabelle Kale 82 Toner Pad 60ea,USD 32.00,USD 27.20
BENTON Heartleaf 80 Skin Toner Pad (70 pads),USD 26.00,USD 17.69
Papa Recipe Tea Tree Control Pad 70pads,USD 25.00,USD 21.25
Easydew Barrier Repair Toner 200ml,USD 37.00,USD 31.45
Milk Touch Hedera Helix Relaxing Pad Jumbo 130ml(60pcs),USD 28.00,USD 22.40
THANK YOU FARMER BaKuVita Treatment Toner 200ml,USD 28.00,USD 23.80
ILSO Moringa Purifying Pore Pad 160ml,USD 27.79,USD 25.01
I'M FROM Licorice Clear Pad 60ea,USD 26.00,USD 22.10
Toun28 pH Balancing Toner 250ml,USD 29.00,USD 24.65
Dr.G R.E.D BLEMISH® CLEAR MOISTURE TONER 300ml,USD 32.00,USD 22.40
Dr.oracle ReAGEN Callus Repairing Toner 120ml,USD 51.60,USD 23.74
THANK YOU FARMER Phyto Relieful™ Cica Toner Pad 200ml (100pads),USD 33.00,USD 28.05
ONEOSEVEN Micro Drizzle Hydro Toner 180ml,USD 35.00,USD 33.25
SKIN&LAB Porebarrier Clear Pad 70ea,USD 20.00,USD 14.80
FRUDIA Blueberry Hydrating Toner 195g,USD 20.70,USD 19.66
FRUDIA Pomegranate Nutri-Moisturizing Toner 195g,USD 23.00,USD 21.85
Dr.Belmeur Clarifying Soothing Mist 100ml,USD 19.07,USD 16.21
THE FACE SHOP Dr.Belmeur Advanced Cica Toner 150ml,USD 28.04,USD 23.83
NEOGEN Dermalogy Probiotics Youth Repair Mist 120ml,USD 32.00,USD 25.60
Troiareuke ACSEN TOC Toner 100ml,USD 43.00,USD 36.55
Dr.Ceuracle Cica Regen 92 Toner 120ml,USD 25.00,USD 18.75
ONE THING Camellia Sinensis Leaf Extract 300ml,USD 30.58,USD 25.99
Yehwadam Hwansaenggo Rejuvenating Radiance Toner 160ml,USD 36.75,USD 31.24
HOLIKA HOLIKA Gold Kiwi Vita C+ Brightening Toner 150ml,USD 34.16,USD 21.18
BONAJOUR Eggplant BHA Daily Toner 205ml,USD 23.53,USD 13.99
Troiareuke Healing Cocktail Ampoule Toner 200ml,USD 100.00,USD 85.00
KLAVUU White Pearlsation Revitalizing Pearl Treatment Toner 140ml,USD 38.00,USD 19.99
THANK YOU FARMER Miracle Age Repair Toner 150ml,USD 40.00,USD 34.00
Pyunkang Yul Brightening Vita Toner 150ml,USD 20.00,USD 17.00
belif Moisturizing Bomb Toner 200ml,USD 35.00,USD 24.50
belif Eucalyptus Herbal Extract Toner 200ml,USD 34.00,USD 23.80
TAGE Calming Toner in Cyprest 100ml,USD 28.00,USD 23.80
i'm unau LHA Pause Toner 190ml,USD 15.00,USD 12.75
Meebak Cica Toner 120ml,USD 22.00,USD 18.70
CCLIMGLAM Cica Regain Toner 150ml,USD 27.50,USD 22.00
Ongredients Balancing Skin Softener 250ml,USD 25.00,USD 14.99
Dr.Wellmadeone Soonsak Toner 100ml,USD 40.00,USD 34.00
ASIS-TOBE Hyaluronic Essential Toner 200ml,USD 22.00,USD 12.99
Muldream All Green Mild Toner 150ml,USD 39.00,USD 18.79
Muldream Vegan Green Mild Fresh Serum Toner 110ml,USD 28.00,USD 23.80
Easydew DW-EGF Essence Toner 145ml,USD 34.00,USD 28.90
mixsoon Heartleaf Toner 300ml,USD 25.00,USD 22.50
belif Moisturizing Special Kit,USD 32.00,USD 22.40
ARIUL Stress Relieving Daily Pick Toning Pad 30sheets,USD 10.99,USD 9.34
B Project Bye Pore Daily Tightening Pad 170ml (60pcs),USD 30.00,USD 25.50
"Dear, Klairs Daily Skin Softening Water 500ml",USD 28.00,USD 23.80
I'M FROM Beet Refresh pad 260ml,USD 25.20,USD 21.42
SOLLALLA Multi Vitamin Refresh Toner 130mL,USD 28.00,USD 17.99
KSECRET Hyaluronic Acid Secret Toner 150ml,USD 18.00,USD 13.99
MIGUHARA Hyalucollagen Essence Mist Origin 80ml,USD 16.00,USD 13.60
FRUDIA Avocado Relief Essence Toner 195g,USD 23.00,USD 21.85
FRUDIA Citrus Brightening Toner 195g,USD 21.80,USD 20.71
NATURE REPUBLIC Collagen Dream 90 Skin Booster 150ml,USD 25.66,USD 21.81
TOSOWOONG Dr. Troubex Blemish Pad (70pcs in a box),USD 23.08,USD 19.62
🍊[1+1] TIAM Vita B3 Mist Toner 200ml,USD 36.00,USD 16.99
🍊[1+1] TIAM AC Fighting AHA BHA PHA Toner 180ml,USD 37.40,USD 19.99
AXIS-Y Glow Your Own Way Limited Edition Set,USD 79.00,USD 35.55
HAYEJIN Blessing of Sprout Radiance Toner 120ml,USD 28.00,USD 16.80
One-day's you Help Me Honey-C Pad 125ml (60pads),USD 20.00,USD 17.00
Ongredients Skin Barrier Calming Softener 250ml,USD 22.00,USD 14.99
BEYOND Phyto Aqua Toner 145ml,USD 34.00,USD 28.90
NATURE REPUBLIC Snail Solution Skin Booster 130ml,USD 24.50,USD 20.82
Easydew Barrier Repair Mist 60ml,USD 39.00,USD 33.15
THE FACE SHOP Dr.Belmeur Clarifying Calming Pads 80pcs,USD 25.00,USD 21.25
P.CALM Hyaluron Doubleshot Toner 200ml,USD 33.00,USD 28.05
THANK YOU FARMER Phyto Relieful™ Cica Boosting Toner 200ml,USD 23.00,USD 19.55
MIGUHARA Green-Tox S.O.S Toner 150ml,USD 39.00,USD 33.15
JUICE TO CLEANSE Vinegar Kombucha Vegan Calming 50 Pads,USD 43.00,USD 36.55
Dr.G GREENMIDE VEGAN TONER PAD 60p,USD 32.70,USD 19.62
Dr.G HYDRA AQUA BOOSTING TONER 200ml,USD 32.00,USD 22.40
Dr.oracle Centella Biome Pore pad 135ml,USD 31.80,USD 17.17
VT Cica Skin 200ml,USD 26.88,USD 21.50
YUNJAC WHOLE PLANT EFFECT ESSENTIAL TONER 150ml,USD 60.00,USD 57.00
THE PLANT BASE AC Clear Pure N Skin 180ml,USD 15.90,USD 12.08
Papa Recipe Eggplant Clearing Skin 200ml,USD 22.00,USD 18.70
Papa Recipe Eggplant Clearing Peeling Pad Toner Refill 35pads,USD 18.00,USD 8.09
TOUN28 +/- pH Balancing Toner 100ml,USD 16.80,USD 14.28
Yehwadam Artemisia Soothing Moisturizing Toner 180ml,USD 27.30,USD 23.20
INCELLDERM Vieton Oil Mist 50ml,USD 60.60,USD 51.51
ONE THING Citrus Unshiu Fruit Extract 300ml,USD 30.58,USD 25.99
daymellow Bluemarin Purity Toner 200ml,USD 26.00,USD 15.08
VONIN The Style Standard Toner 135ml,USD 25.20,USD 21.42
HOLIKA HOLIKA Less On Skin Toner 180ml,USD 20.66,USD 17.56
MAY ISLAND 7 Days Secret Centella Cica Toner 155ml,USD 16.50,USD 14.02
THANK YOU FARMER True Water Deep Toner 150ml,USD 32.00,USD 27.20
iUNIK Rose Galactomyces Essential Toner 200ml,USD 21.99,USD 18.69
HOLIKA HOLIKA Prime Youth Black Snail Repair Toner 160ml,USD 30.16,USD 22.92
Easydew Acne Clear Toner 200ml,USD 58.00,USD 49.30
mixsoon H.C.T. Bubble Toner 150ml,USD 32.00,USD 28.80
mixsoon Cicatree Clean Toner 150ml,USD 18.00,USD 16.20
"Toun28 Propolis + Vitamin C, B3, B5, B6 Balancing Toner",USD 22.00,USD 18.70
Dr.Jart+ Ceramidin Cream Mist 110ml,USD 24.00,USD 17.76
THE FACE SHOP Rice & Ceramide Moisturizing Toner 150ml,USD 15.86,USD 13.48
Anua Rice 70 Glow Milky Toner 250ml,USD 25.00,USD 21.25
SOME BY MI BETA PANTHENOL REPAIR TONER 150ml,USD 22.57,USD 15.80
Nacific Skincare Set 5sku+Flowering Day Goods Set(with ATEEZ),USD 79.99,USD 55.99
BENTON PHA Peeling Toner 150ml,USD 24.00,USD 20.40
belif Moisturizing Bomb 30ml Trial Kit,USD 31.00,USD 21.70
BENTON Snail Bee High Content Skin Toner 150ml,USD 19.00,USD 16.15
Nature Republic Green Derma Tea Tree Cica Big Toner 500ml,USD 23.50,USD 19.97
Dr.Jart+ Ceramidin Cream Mist 50ml,USD 18.00,USD 13.32
THE FACE SHOP Chia Seed Hydrating Mist 165ml,USD 17.00,USD 14.45
KAINE Kombu Balancing Ampoule Toner Special Set 150ml,USD 23.80,USD 20.23
ONE THING Propolis + Honey Extract 150ml,USD 18.96,USD 16.12
ISAKNOX Platinum Moisture 3 Types Planning Set,USD 82.00,USD 57.40
THE FACE SHOP Dr.Belmeur Daily Repair Facial Toner 200ml,USD 19.00,USD 16.15
BONAJOUR Green Tea Water Toner 205ml,USD 24.00,USD 20.40
THE FACE SHOP Dr.Belmeur Clarifying Toner 200ml,USD 19.00,USD 16.15
feelxo Glacier Centella Ampoule Toner 200ml,USD 17.00,USD 14.45
TIAM AC Fighting PHA 12 Purifying Liquid 80ml,USD 23.00,USD 12.49
SCINIC The Simple Calming Toner 145ml,USD 18.00,USD 10.80
Nature Republic Vitapair C Toner 300ml,USD 18.90,USD 16.06
Sooryehan HyoBidam Water-spring Toner 160ml,USD 38.00,USD 26.60
NATURE REPUBLIC Snail Solution Skin Care Set,USD 49.00,USD 41.65
O HUI Prime Advancer Skin Softener 150ml,USD 65.00,USD 55.25
Pyunkang Yul Deep Blue Oil Mist 100ml,USD 22.00,USD 18.70
THERAPHYTOABEL RELAXA REPAIR BOOSTING TONER 210g,USD 30.80,USD 26.18
Ariul 7Days Tea Tree Peeling Pad 70pads,USD 24.00,USD 20.40
Ariul 7Days Cica Panthenol Calming Pad 100pads,USD 24.00,USD 20.40
B,USD 19.00,USD 16.15
BEYOND Angel Aqua Moisture Toner 500ml,USD 25.00,USD 21.25
su:m37 Micro-Active Toning Water Special Set,USD 50.00,USD 42.50
belif Stress Shooter Cica Soothing Toner 200ml,USD 37.00,USD 25.90
JAUNKYEOL HERITAGE COCENTRATE CALMING TONER 250ml,USD 39.00,USD 33.15
NATURE REPUBLIC Argan Essential Moist Hair Mist 220ml (22AD),USD 24.24,USD 20.60
Troxederm AC Mist 125ml,USD 29.00,USD 24.65
Troxederm Repair Essence Mist 100ml,USD 38.00,USD 32.30
THE FACE SHOP White Seed Brightening Toner 145ml,USD 24.32,USD 20.67
HOLIKA HOLIKA Premier Collagen Toner 125ml,USD 32.16,USD 18.01
LANEIGE Perfect Renew Youth Refiner 120ml,USD 47.16,USD 40.09
preange Angelica Toner Quick Calming Pad 5ea,USD 12.00,USD 10.20
MAY ISLAND 7 Days Secret Vita Plus-10 Toner 155ml,USD 16.50,USD 14.02
Wish Formula Fermented Hydra Essential Toner 180ml,USD 25.26,USD 19.20
BLITHE VItal Treatment 9 Essential Seeds 150ml,USD 40.80,USD 34.68
su:m37 LosecSumma Elixir Skin Softner 150ml,USD 110.00,USD 93.50
