약국명,주소,전화번호
365강남역약국,"서울특별시 강남구 강남대로 지하396, 강남역 103-104호 (역삼동)",02-554-5628
365그랜드약국,"서울특별시 금천구 시흥대로62길 29, 1층 (시흥동)",02-896-1223
365마트약국,"서울특별시 영등포구 영중로 125, 롯데마트 1층 (영등포동8가)",02-2633-4865
365서초메트로약국,"서울특별시 서초구 서초대로 지하233, 서초역 지하1층 106호 (서초동)",050-713-3435
365약국,"서울특별시 중랑구 면목로 지하407, 면목역 지하1층 108호 (면목동)",02-2208-0365
365열린약국,서울특별시 관악구 남부순환로 1615 (신림동),02-874-2332
365열린약국,"서울특별시 강서구 공항대로41길 52, 버들빌딩 1층 (등촌동)",02-3661-3650
365열린약국,"서울특별시 영등포구 영중로 119, 리마크빌 영등포 2층 204-2호 (영등포동8가)",02-2633-2800
365열린약국,"서울특별시 강남구 삼성로 14, 2층 216-2호 (개포동, 개포자이 프레지던스)",02-459-2005
365열린약국,"서울특별시 구로구 남부순환로97길 3, KS프리미어빌딩 105호 (개봉동)",02-3666-0784
365자양미소약국,"서울특별시 광진구 뚝섬로 606, 1층 (자양동)",02-453-7985
365정화약국,"서울특별시 노원구 상계로 59, 동익빌딩 1층 7,8호 (상계동)",02-935-4869
365종로약국,"서울특별시 동대문구 전농로 60-1, 1층 (답십리동)",02-2215-8704
365중앙약국,"서울특별시 영등포구 디지털로37길 27, 대덕빌딩 1층 (대림동)",02-000-0000
365회기역약국,"서울특별시 동대문구 회기로 193, 1층 (휘경동)",02-6212-1494
7번약국,"서울특별시 강북구 도봉로 339, 1층 (수유동)",02-904-7773
가까운약국,"서울특별시 은평구 통일로 738, 1층 3호 (불광동)",02-356-9813
가나안 약국,"서울특별시 강북구 도봉로 256, 덕산빌딩 1층 1호 (미아동)",02-982-9995
가산약국,서울특별시 금천구 가산로 116 (가산동),02-838-1158
가은약국,서울특별시 관악구 봉천로 486 (봉천동),02-878-9669
강남메디칼약국,"서울특별시 강남구 삼성로 233 (대치동, 신사빌딩)",02-568-6644
강남보선약국,서울특별시 강남구 도곡로 516  (대치동),02-568-2310
강남새천년온누리약국,"서울특별시 강남구 도곡로 523, 1층 (대치동)",02-552-3524
강남센트럴약국,"서울특별시 강남구 강남대로 406, GLASS TOWER 1층 (역삼동)",02-558-5559
강남썬약국,"서울특별시 강남구 테헤란로4길 6, 강남역 센트럴 푸르지오 시티 1층 118호 (역삼동)",02-567-7637
강남웰약국,서울특별시 강남구 강남대로 432 1층 (역삼동),02-6440-5656
강동태평양약국,서울특별시 강동구 양재대로 1343 (성내동),02-473-3377
강서종로약국,서울특별시 강서구 강서로 257  (내발산동),02-2606-8268
강서홈약국,"서울특별시 강서구 화곡로 398, 홈플러스강서점앤본사사옥 1층 (등촌동)",02-2659-1823
갤러리약국,서울특별시 강남구 학동로20길 55 106호,02-6227-5578
건강과행복이열리는약국,"서울특별시 노원구 한글비석로 242, 113호, 114호 (중계동, 삼부프라자)",02-933-9696
건강플러스약국,서울특별시 금천구 시흥대로 391  (독산동),02-890-8058
건강한약국,"서울특별시 노원구 석계로9길 25, 1층 오른쪽점포호 (월계동)",02-919-1206
건대가온약국,"서울특별시 광진구 광나루로 410, 105호 (화양동, KCC파크타운)",02-453-4669
건대입구역1번출구약국,"서울특별시 광진구 아차산로 229, 한림타워 2층 202호 (화양동)",02-6951-2509
경일약국,"서울특별시 금천구 시흥대로72길 32, (시흥동)",02-802-9104
경일약국,서울특별시 종로구 평창문화로 35  (평창동),02-391-3469
계산온누리약국,"서울특별시 성북구 동소문로20길 43, 1층 (동선동1가)",02-925-4551
고래약국,"서울특별시 마포구 신촌로 지하 90, 신촌역 B1 240-107호 (노고산동)",02-333-7967
고성희약국,서울특별시 금천구 금하로24길 57 ,02-808-3616
고원약국,"서울특별시 금천구 시흥대로153길 68, (가산동)",02-856-7123
곰돌이스타약국,"서울특별시 서초구 방배로 226, 3층 303호 (방배동)",02-595-8795
곰돌이약국,"서울특별시 중구 왕십리로 407, B2-05-02호 (신당동, 신당 파인힐 하나유보라)",02-6953-7635
광주약국,"서울특별시 동작구 동작대로 127, 1층 (사당동)",02-591-0075
광진365플러스약국,"서울특별시 광진구 천호대로 566, 동우빌딩 1층 (능동)",02-455-3655
광진제일큰약국,"서울특별시 광진구 자양로 164, 하림빌딩 1층 (구의동)",02-6215-2225
광희약국,"서울특별시 중구 퇴계로 322, 정미식품 (광희동2가)",02-2273-5555
구로종로약국,서울특별시 구로구 경인로 193  (오류동),02-2688-0155
구파발성모약국,"서울특별시 은평구 진관2로 12, 메이플카운티2차 1층 108호 (진관동)",02-384-8887
국일약국,서울특별시 종로구 종로16길 12 (관철동),02-2275-7225
굿약국,"서울특별시 중구 명동길 45, 1,2층 (명동1가)",02-3789-3883
굿약국,"서울특별시 서초구 서초대로77길 24, 강남 지웰타워2 (서초동)",02-535-8233
그랜드약국,"서울특별시 광진구 아차산로29길 55, (화양동)",02-462-8447
그린약국,"서울특별시 강서구 수명로 78, 새롬프라자 104호 (내발산동)",02-2667-6643
그린약국,"서울특별시 관악구 남부순환로 1740, 명당빌딩 1층 (봉천동)",02-888-4959
글로리약국,"서울특별시 관악구 과천대로 939, 1층 1-H-3호 (남현동)",02-6954-0088
금강온누리약국,"서울특별시 영등포구 영중로 8, 1층 (영등포동3가)",02-2678-5869
금강온누리약국,"서울특별시 영등포구 영중로 8, 1층 (영등포동3가)",02-2678-5869
금성약국,"서울특별시 광진구 자양로 112, 111호,112호,113호 (구의동)",02-447-1500
금왕약국,"서울특별시 종로구 창신5길 19, (창신동)",02-763-5493
금천약국,"서울특별시 중구 남대문로1길 2, (북창동)",02-778-7134
금천종로약국,"서울특별시 금천구 금하로 634, 1층 (시흥동)",070-8888-8801
기경한약국,"서울특별시 관악구 신사로 94, 1층 (신림동)",02-865-5977
기린약국,서울특별시 서초구 잠원로 24 반포자이프라자상가 1층,050-71316-7241
기림약국,"서울특별시 영등포구 대림로34길 29, (대림동)",02-832-7780
기쁨약국,서울특별시 서초구 효령로 396 (서초동) ,02-522-4527
기쁨약국,서울특별시 강남구 개포로 228,02-574-1087
기호약국,"서울특별시 광진구 군자로 25, (화양동)",02-463-8050
길동보룡약국,서울특별시 강동구 양재대로 1478 (길동),02-477-4114
나나약국,서울특별시 동대문구 장한로18길 59 (장안동),02-2245-2594
나무약국,"서울특별시 서대문구 명물길 33, 1층 우측호 (창천동)",02-363-7288
나인약국,"서울특별시 서초구 서초대로77길 3, 아라타워 124호 (서초동)",02-537-0999
나현약국,"서울특별시 노원구 상계로12길 41, (상계동)",02-936-7718
남구로약국,서울특별시 구로구 구로동로 33 (가리봉동),02-838-3104
남문프라자약국,서울특별시 금천구 시흥대로 436,02-837-5550
노바약국,서울특별시 강남구 강남대로118길 51 ,02-542-3696
노원약국,"서울특별시 노원구 노해로 501, 노원빌딩 1층 103호 (상계동)",02-933-7832
녹수프라자약국,서울특별시 금천구 독산로 213,02-802-1510
녹십자약국,서울특별시 송파구 올림픽로 130  (잠실동),02-424-7434
논현밝은약국,"서울특별시 강남구 강남대로122길 10, 영흥빌딩 1층 일부호 (논현동)",02-2135-2846
논현필리아약국,"서울특별시 강남구 선릉로 641, 1층 일부호 (논현동)",02-540-7582
뉴욕약국,서울특별시 강남구 테헤란로 107,070-4147-3039
뉴프라임약국,"서울특별시 송파구 송파대로 278, 1층 (가락동)",02-403-2638
다나약국,"서울특별시 용산구 후암로 43-2, 1층 (후암동)",02-753-0692
다산온누리약국,"서울특별시 중구 다산로 133-1, 1층 (신당동)",02-2233-5912
다온약국,"서울특별시 노원구 노해로 495, 삼성빌딩 1층 102,103호 (상계동)",02-6085-6418
다정약국,서울특별시 노원구 한글비석로 332,02-951-5567
단골온누리약국,서울특별시 종로구 지봉로 50 (숭인동),02-745-0731
달빛약국,"서울특별시 은평구 진관2로 90, 320동 지하1층 B111호 (진관동, 은평뉴타운 마고정)",050-71430-1398
당고개약국,"서울특별시 노원구 상계로 309-1, (상계동)",02-930-5142
대교약국,"서울특별시 송파구 가락로 153, 1층 (송파동)",02-414-8275
대남약국,서울특별시 동작구 상도로22길 26 (상도동),02-822-3502
대동약국,"서울특별시 관악구 관악로 185, 1층 (봉천동)",02-877-0453
대림약국,"서울특별시 은평구 은평터널로 65, 101호,110호 (수색동, 대림한숲타운아파트)",02-374-2046
대성약국,서울특별시 관악구 청림길 8 (봉천동),02-877-3024
대성옵티마약국,서울특별시 용산구 회나무로 23 (이태원동),02-794-0389
대우당약국,서울특별시 동작구 상도로 102 (상도동),02-822-2682
대우사약국,서울특별시 중구 세종대로 22 (남대문로5가),02-753-2703
대원사약국,"서울특별시 중랑구 중랑역로 90, 대원메디컬빌딩 (중화동)",02-433-3400
대일약국,서울특별시 동작구 동작대로27길 22 (사당동),02-591-4655
대자연약국,"서울특별시 강동구 구천면로 291, (천호동)",02-474-7576
대치약국,"서울특별시 강남구 선릉로86길 42, 102호 (대치동)",02-6954-1778
대치필리아약국,서울특별시 강남구 도곡로63길 12  (대치동),02-508-6116
대학솔약국,"서울특별시 동대문구 안암로 158, 1층 (제기동)",02-923-3338
대흥365약국,"서울특별시 마포구 백범로 98, 1층 (대흥동)",02-713-2060
더밝은약국,"서울특별시 성동구 마조로9길 15, 1층 (행당동)",02-2281-7923
더샵스타시티약국,"서울특별시 광진구 아차산로 272 (자양동, 스타시티쇼핑몰)",0220241311
더클래식약국,"서울특별시 광진구 능동로 90, 1층 104-2호 (자양동, 더클래식500)",02-455-4565
도영약국,"서울특별시 송파구 오금로 507, 거여빌딩 1층 (거여동)",02-404-7355
도일약국,"서울특별시 서초구 사평대로55길 10, (반포동)",02-548-2348
동국온누리약국,"서울특별시 중구 서애로1길 16, (필동3가)",02-2267-6767
동남약국,"서울특별시 종로구 종로 124, (종로3가)",02-2273-3233
동보약국,서울특별시 영등포구 영중로 22  (영등포동3가),02-2678-0362
동부약국,서울특별시 용산구 이촌로 245,02-795-6242
동서울약국,"서울특별시 광진구 강변역로 50, 동서울종합터미널 124호 (구의동)",02-452-0015
동성약국,"서울특별시 중랑구 겸재로 84, (면목동)",02-432-1653
동성약국,서울특별시 강서구 금낭화로23길 8,02-2666-5092
동아약국,서울특별시 중랑구 동일로130길 52  (중화동),02-434-6683
동우약국,서울특별시 서초구 남부순환로356길 15,02-574-2678
동의삼성약국,서울특별시 송파구 거마로22길 49  (마천동),02-400-2636
동해물약국,"서울특별시 서초구 동광로12가길 42, 1층 (방배동)",02-594-3141
동현당약국,"서울특별시 강남구 언주로146길 18  (논현동, 동현아파트)",02-547-8207
두산약국,"서울특별시 관악구 봉천로 391, 113호 (봉천동, 두산아파트)",028882369
디엠씨4번출구약국,서울특별시 은평구 수색로 지하 175 1층 003호,02-2039-0190
라미약국,"서울특별시 송파구 올림픽로8길 20, 잠실아이파크 1층 A115호 (잠실동)",02-412-0199
라온약국,"서울특별시 송파구 올림픽로 240, 잠실지하광장 지하도상가 1호 (잠실동)",02-3431-4485
라온약국,"서울특별시 강남구 강남대로 318, 1층 (역삼동)",02-2193-9100
래미안온누리약국,서울특별시 영등포구 당산로 214,02-2675-5250
롱약국,"서울특별시 마포구 양화로 지하 55, 합정역 B1  238-105호 (서교동)",070-8098-4603
르씨엘약국,"서울특별시 강남구 학동로 215, 101호,107호 (논현동)",02-540-0047
리드팜힘찬약국,"서울특별시 관악구 은천로 109, 1층 (봉천동)",02-885-7422
마곡드림약국,"서울특별시 강서구 마곡중앙5로 지하2, 마곡나루역(9호선) 임대상가 3번호 (마곡동)",02-3663-4280
마니약국,"서울특별시 강남구 강남대로 428, 1층 (역삼동)",02-562-6201
마래푸약국,"서울특별시 마포구 신촌로34길 37, 1층 (아현동)",02-362-2080
마장백화점약국,"서울특별시 동대문구 고산자로 410, 1층 (용두동)",02-962-1161
마천푸른솔약국,"서울특별시 송파구 거마로 60, 1층(마천동)",02-409-6704
마트온누리약국,서울특별시 양천구 오목로 299,02-2651-3467
맑은약국,"서울특별시 강서구 양천로 600, 1층 (등촌동)",02-2083-0456
맑은약국,서울특별시 구로구 경인로40길 47,02-2617-2190
맘이편한약국,"서울특별시 관악구 신림로 357, 1층 (신림동)",02-888-8848
망원시장약국,"서울특별시 마포구 월드컵로13길 56, 1층 (망원동)",02-790-7527
매일여는약국,"서울특별시 중랑구 망우로 346, 101동 103호 (상봉동, 한일써너스빌)",02-434-2422
매일여는약국,"서울특별시 마포구 월드컵북로 396, 누리꿈스퀘어 B1094호 (상암동)",02-2132-8365
매일여는약국,서울특별시 양천구 목동동로 233-1 (목동) ,02-2061-3650
매일여는온누리약국,"서울특별시 송파구 백제고분로 187, 1층 103,104호 (잠실동, 파크인수)",02-3432-0365
매일열린약국,"서울특별시 양천구 신월로 280, 1층 101호 (신정동)",02-2693-3650
메디칼건강약국,서울특별시 강서구 양천로 104 (방화동),02-2661-3337
메디칼약국,"서울특별시 관악구 은천로25길 69, 1층 (봉천동, 삼성프라자)",02-883-4227
메디칼허브약국,"서울특별시 서초구 강남대로 615, 1층 (잠원동, 금정빌딩)",02-540-5001
메디팜 수정약국,서울특별시 양천구 중앙로 276 (신정동),02-2644-3395
메디팜건강약국,서울특별시 은평구 수색로 270-1,02-372-9791
메디팜대림약국,서울특별시 성동구 행당로 87,02-2281-6377
메디팜대안약국,서울특별시 금천구 시흥대로 352,02-803-8452
메디팜미래로약국,"서울특별시 용산구 청파로47길 40, (청파동2가)",02-713-8716
메디팜신정교약국,"서울특별시 양천구 신목로 36, 102호 (신정동, 대보빌딩)",02-2649-8275
메디팜엔비약국,"서울특별시 동작구 노량진로 152, . 1층 (노량진동)",02-811-7723
메디팜은강약국,서울특별시 서초구 잠원로14길 29  (잠원동),02-593-3245
메디피아약국,"서울특별시 강남구 강남대로 242, 1층(도곡동, 크리스탈빌딩)",02-3463-1547
면목백화점약국,서울특별시 중랑구 용마산로 328 (면목동),02-2207-4636
명동하이약국,서울특별시 중구 명동7길 14  (명동1가),070-4140-8275
명보약국,"서울특별시 금천구 시흥대로 92, (시흥동)",02-803-2384
명수약국,서울특별시 금천구 시흥대로138길 13,02-854-6846
명신약국,서울특별시 금천구 탑골로 18 ,02-807-8767
명일마트종로약국,"서울특별시 강동구 고덕로 276, 지하1층 (명일동, 이마트명일점)",02-428-7845
명진팜약국,"서울특별시 강서구 마곡중앙로 161-17, 보타닉파크타워Ⅰ 110호 (마곡동)",02-6326-7353
모두약국,"서울특별시 강남구 테헤란로 지하 156, B2층 219호 (역삼동)",02-508-0429
모아약국,"서울특별시 성북구 화랑로11길 23, 1층 (하월곡동)",02-942-4534
목동제일큰약국,"서울특별시 양천구 오목로 224, 1층 (신정동)",02-2608-8922
목동행복한약국,서울특별시 양천구 목동동로 309 지하1층 (목동),02-6952-5777
목동행복한약국,"서울특별시 양천구 목동동로 309, 행복한세상 킴스클럽 지하1층 (목동)",02-6952-5777
무궁화약국,"서울특별시 노원구 한글비석로 77, 한성여객(주) (하계동)",02-971-0072
문약국,서울특별시 용산구 독서당로 67,02-793-2296
미소가득한약국,서울특별시 마포구 월드컵북로 396,02-2636-6667
미소약국,"서울특별시 동작구 국사봉1길 33, 범한빌딩 (상도동)",02-462-3364
미소약국,"서울특별시 도봉구 도봉로 678, 홈플러스데스코㈜방학점 지하2층 (방학동)",02-954-3119
미주온누리약국,"서울특별시 강서구 양천로6길 28, 상가동 108호 (방화동, 도시개발12단지아파트)",02-2665-7552
민생약국,"서울특별시 강남구 언주로125길 6, (논현동)",02-547-7903
민정약국,서울특별시 강북구 오패산로30길 41 (미아동),02-980-1244
믿음약국,서울특별시 관악구 봉천로 534 (봉천동),02-888-2104
바로약국,"서울특별시 양천구 목동동로8길 23, 메리트윈 106호 (신정동)",02-6958-8569
바른메디칼약국,"서울특별시 강동구 상암로 31, 이에스타워 1층 (암사동)",02-3426-5384
바른손약국,서울특별시 동대문구 휘경로 34 (휘경동),02-3295-4274
바른약국,"서울특별시 관악구 남부순환로 1714-1, 1층 (봉천동)",02-884-2850
박순영온누리약국,"서울특별시 송파구 마천로7길 6, 오금대림아파트 117,118호 (오금동)",02-430-3371
반석온누리약국,"서울특별시 영등포구 영등포로 33, 108호(양평동2가,비즈타워)",02-2632-9595
발산그랜드약국,서울특별시 강서구 강서로 380,02-3663-7510
밝은마음약국,"서울특별시 강남구 논현로 841, 제이비 미소빌딩 110호 (신사동)",02-6203-7770
방약국,"서울특별시 중랑구 면목로 260, 1층(면목동)",02-432-0596
방학365약국,"서울특별시 도봉구 도봉로150길 27, 1층 101-1호 (방학동)",02-6954-2213
백두약국,서울특별시 구로구 오류로8길 26 (오류동),02-2689-6576
백상약국,"서울특별시 영등포구 국제금융로6길 30, 백상빌딩 1층 103호 (여의도동)",02-780-5414
백세365약국,"서울특별시 강서구 마곡중앙로 55, 문영 퀸즈파크13 107호 (마곡동)",070-8829-0077
백세약국,"서울특별시 중랑구 신내로 82, 1층 109호 (신내동, 금강빌딩)",02-3421-7015
백온누리약국,서울특별시 광진구 면목로 174 (중곡동),02-466-4696
백운약국,서울특별시 도봉구 도봉로 468 (창동),02-906-0280
백화점약국,"서울특별시 강북구 도봉로96길 11, 1층 (번동)",02-994-1282
번동종로약국,"서울특별시 강북구 오현로34길 23-4, 104호 (번동, 현대하니타운)",02-981-2030
벚꽃약국,"서울특별시 영등포구 국제금융로 10, 서울 국제금융 센터 지하2층 (여의도동)",02-6137-5207
베네시티약국,"서울특별시 강동구 올림픽로 664, 3층 342,343호 (천호동, 대우한강베네시티)",02-420-8181
보광프라자약국,"서울특별시 용산구 보광로 35, (보광동)",02-796-5244
보룡약국,"서울특별시 노원구 동일로 1380, 상계동 국민은행 (상계동)",02-979-6000
보생사약국,"서울특별시 영등포구 영등포로 400 1층 (신길동, 신성빌딩)",02-833-2289
보은온누리약국,서울특별시 광진구 영화사로 64-1,02-444-4145
보화당약국,서울특별시 도봉구 노해로69길 15,02-995-2929
봄내약국,"서울특별시 관악구 신림동5길 31, 1층 (신림동)",02-882-8234
부부약국,서울특별시 도봉구 도봉로181길 46 (도봉동),02-954-3349
비온뒤숲속약국,"서울특별시 마포구 월드컵로 111, (망원동)",02-332-3250
비전약국,"서울특별시 광진구 동일로18길 73, 1층 (자양동)",02-464-8127
비타민약국,서울특별시 금천구 독산로50길 84,02-892-5949
비트플렉스약국,"서울특별시 성동구 왕십리광장로 17 (행당동, 비트플랙스내 2층 A05,06)",02-2200-1549
사당365약국,"서울특별시 관악구 과천대로 955, 1층 (남현동)",02-588-9050
사당건강약국,"서울특별시 동작구 남부순환로 지하2089, 사당역(2호선) 지하1층 226-113호 (사당동)",070-5001-5729
사당소화약국,"서울특별시 동작구 동작대로 7, 1층 (사당동)",02-521-3474
사당역약국,"서울특별시 동작구 동작대로 지하 3, 사당역(4호선) (사당동)",02-582-4912
사당프라자약국,"서울특별시 동작구 사당로 230-1, 1층 (사당동, 미래빌딩)",02-3474-4170
사랑약국,"서울특별시 강북구 도봉로 186, 1층 (미아동)",02-993-7289
산들약국,"서울특별시 마포구 대흥로 167, 1층 (대흥동)",02-716-0116
삼성약국,"서울특별시 강남구 광평로19길 10, 101호 (수서동, 까치마을아파트상가)",02-451-7281
삼성약국,서울특별시 관악구 신원로 21 (신림동),02-855-4158
삼성해든약국,"서울특별시 강남구 삼성로 520, 1층 (삼성동)",02-562-0361
삼익약국,"서울특별시 동대문구 회기로29길 35, 1층 (휘경동)",02-963-5490
삼정약국,"서울특별시 용산구 원효로19길 72-1, 1층 (원효로3가)",02-712-4941
삼화약국,서울특별시 금천구 은행나무로 12-1,02-803-4167
상계1번약국,"서울특별시 노원구 한글비석로20길 23-1, 1층 (중계동)",02-938-1082
상계하나로약국,서울특별시 노원구 한글비석로48길 13 (상계동),02-951-2188
상도온누리약국,서울특별시 동작구 상도로 297 (상도1동),02-812-1322
상록수약국,"서울특별시 강동구 고덕로10길 53, (암사동)",02-426-7977
상수오아시스약국,"서울특별시 마포구 독막로 63, 1층 (상수동)",02-333-7728
상아온누리약국,서울특별시 동작구 양녕로26길 22 (상도동),02-823-7931
상지온누리약국,"서울특별시 강남구 선릉로93길 8, 1층 (역삼동)",02-554-0624
새고운약국,"서울특별시 노원구 동일로 1003, 1층 (공릉동)",02-973-9286
새난곡약국,"서울특별시 관악구 난곡로 210, 2층 (신림동)",028610422
새내역약국,"서울특별시 송파구 올림픽로 지하140, 잠실새내역 217-103호 (잠실동)",02-422-5152
새대우약국,"서울특별시 성동구 용답25길 14, (용답동)",02-2245-6510
새민우약국,"서울특별시 성북구 북악산로 845, 203동 301호 (정릉동, 정릉쌍용아파트)",02-917-4275
새봄약국,"서울특별시 강북구 노해로 87, 1층 (수유동)",02-907-6200
새시장약국,"서울특별시 중랑구 망우로62길 81, (망우동)",02-436-7554
새실로암약국,서울특별시 강동구 양재대로 1619,02-427-1417
새열린약국,"서울특별시 서초구 강남대로 449-3, 보보빌딩 1층 (서초동)",02-536-3037
새우림약국,"서울특별시 중랑구 망우로62길 7, (망우동)",02-434-5614
새인선약국,서울특별시 성동구 광나루로11길 41-1  (송정동),02-466-4159
새중앙약국,"서울특별시 동작구 노량진로 202, 남강타워 1층 2호 (노량진동)",02-825-4532
새중일약국,"서울특별시 송파구 오금로 306, 101호 (가락동, 가락스타클래스)",02-448-5186
새천년온누리약국,서울특별시 동작구 상도로 69 (대방동),02-815-5051
새하늘약국,서울특별시 노원구 동일로 1308,02-971-0610
새한약국,"서울특별시 강서구 등촌로 173, 1층 (등촌동)",02-2651-1577
새휘정약국,서울특별시 강남구 학동로101길 26  (청담동),02-542-1910
샌트럴이든약국,"서울특별시 노원구 덕릉로126길 2, B101호 (상계동)",02-930-0403
샘물약국,서울특별시 노원구 노원로 43 (공릉동),02-971-2268
샘약국,서울특별시 강남구 테헤란로 322 강남구 테헤란로 322 (역삼동),025583347
샘터약국,서울특별시 서초구 서초중앙로 230  (반포동),02-591-1112
생생온누리약국,"서울특별시 강남구 논현로 842, 압구정빌딩 1층 (신사동)",070-8888-3380
서대문약국,"서울특별시 서대문구 통일로 177, 1층 (옥천동)",02-392-4932
서부새생명약국,서울특별시 은평구 역말로 72 (역촌동),02-385-3685
서울메디약국,서울특별시 강남구 역삼로 406  (대치동),02-501-5063
서초늘봄약국,서울특별시 서초구 서초대로38길 12 ,02-581-7764
서초제일약국,"서울특별시 서초구 방배로 111, 1층 (방배동, 근복빌딩)",02-583-7170
서초프라자약국,"서울특별시 서초구 방배로 88, 1층 (방배동)",02-583-4949
석산약국,서울특별시 성북구 오패산로1길 1 (하월곡동),02-912-2020
석원약국,서울특별시 강동구 강동대로53길 94 (성내동),02-484-6658
선릉역약국,"서울특별시 강남구 테헤란로 지하 340, 선릉역 지하1층 220-103호 (삼성동)",02-556-3339
선영약국,"서울특별시 성동구 마장로 187, 1층 (홍익동)",02-2294-3734
선영약국,서울특별시 강북구 노해로23길 73 (수유동),02-998-3882
설아약국,"서울특별시 강서구 마곡중앙6로 65, 지투프라자 1층 101호 (마곡동)",070-4833-3204
설약국,서울특별시 성동구 마조로1길 39(행당동),02-2294-8274
설약국,"서울특별시 동작구 노량진로 124, 1층 (노량진동)",02-825-8272
성보약국,서울특별시 관악구 남부순환로208길 10 (봉천동),02-885-4250
성북365약국,"서울특별시 성북구 동소문로46길 19, 1층 (하월곡동)",02-943-4113
성수서울숲약국,"서울특별시 성동구 왕십리로 114, 신한빌딩 103호 (성수동1가)",02-499-1164
성심온누리약국,"서울특별시 노원구 석계로 49 (월계동, 현대아파트 주상가 122호)",02-943-1651
성지옵티마약국,"서울특별시 중랑구 공릉로12가길 52, (묵동)",02-972-9890
성진약국,서울특별시 종로구 창경궁로 271-1 (혜화동),02-762-2211
세계로약국,"서울특별시 종로구 우정국로 36, 1층 (공평동)",02-737-3338
세계로약국,"서울특별시 서초구 동작대로 38, (방배동)",02-3474-2599
세계로온누리약국,"서울특별시 광진구 아차산로 219, 삼영빌딩 1층 (화양동)",02-466-0253
세곡온누리약국,"서울특별시 강남구 헌릉로569길 27, 2층 (세곡동)",070-8828-7963
세브란스약국,서울특별시 동작구 동작대로25길 39 (사당동),02-593-1551
세심약국,"서울특별시 성동구 마장로35길 76, 105-2 (마장동,현대아파트상가)",02-2282-5734
세영약국,서울특별시 광진구 뚝섬로27길 65 (자양동),02-464-3577
세원약국,"서울특별시 성북구 동소문로20가길 51 (동선동1가, 수국빌딩)",02-922-6060
세종로약국,"서울특별시 영등포구 여의대방로 197, (신길동)",02-846-0072
세화당약국,서울특별시 중랑구 중랑역로 21  (중화동),02-434-8794
셀약국,"서울특별시 마포구 양화로 72, 1층 118호 (서교동)",02-337-7959
소나무약국,서울특별시 송파구 중대로 80  (문정동),02-402-4701
소나무약국,"서울특별시 노원구 노원로 330, 롯데마트 지하1층 (중계동)",02-931-1996
소망온누리약국,서울특별시 양천구 지양로 68 (신월동),02-2699-5662
소원약국,서울특별시 강북구 도봉로 205 (미아동),02-988-0691
소화약국,"서울특별시 강남구 남부순환로363길 17, 1층 (도곡동)",02-3463-1500
소화약국,서울특별시 동작구 여의대방로24나길 2 (대방동),02-821-4551
송&김약국,"서울특별시 영등포구 도신로 88, (신길동)",02-848-6596
송도약국,"서울특별시 강북구 도봉로 343, 야산빌딩 1층 (수유동)",02-908-4270
송약국,"서울특별시 강서구 양천로 637, 104호(염창동,삼성아파트상가)",02-2659-2526
송파24약국,"서울특별시 송파구 송파대로 111, 하비오길 송파대로202동 161호 (문정동, 파크하비오)",02-400-1502
송파그랜드약국,"서울특별시 송파구 문정로4길 14, 동산빌딩 1층 (문정동)",02-426-0610
송파힘찬약국,"서울특별시 송파구 송파대로 141, 르피에드 120호 (문정동)",02-406-2007
수도약국,서울특별시 금천구 가산로3길 93,02-855-3052
수락프라자약국,서울특별시 노원구 동일로 1669 (상계동),02-935-7523
수범약국,"서울특별시 영등포구 경인로 835, (영등포동4가)",02-2678-2288
수복약국,서울특별시 용산구 새창로12길 12 (도원동),02-714-0667
수산약국,"서울특별시 동작구 노들로 674, 노량진수산물도매시장 2층 (노량진동)",02-2254-8275
수서역약국,서울특별시 강남구 광평로 지하 270 수서역 지하 1층 (수서동),02-3412-5533
수서역정민아약국,"서울특별시 강남구 광평로56길 8-13, 1층 101호 (수서동, 수서타워)",02-3412-7655
수약국,"서울특별시 강남구 선릉로69길 19  (역삼동, 역삼래미안아파트)",02-563-1601
수약국,"서울특별시 금천구 시흥대로 201, 삼성홈플러스 지하1층 (시흥동)",02-891-9991
수유온누리약국,서울특별시 강북구 도봉로 324 (번동),02-996-9777
수유프라자약국,서울특별시 강북구 덕릉로 42 (수유동) ,02-985-0071
수종로약국,"서울특별시 강북구 도봉로 61, 1층 (미아동)",02-981-8151
숙명온누리약국,"서울특별시 용산구 청파로47길 66, (청파동2가)",02-717-6415
숭인약국,"서울특별시 강북구 도봉로 59, 1층 (미아동)",02-988-7196
스마일약국,"서울특별시 강동구 고덕로 391, (고덕동)",02-442-1008
스마트온누리약국,"서울특별시 서초구 강남대로53길 7, 강남애니타워 101호 (서초동)",02-523-0365
스타약국,"서울특별시 용산구 한강대로23길 55, 용산역 3층 (한강로3가)",02-526-6406
스타약국,"서울특별시 강동구 천호대로 1087, 2층 203호 (천호동, 진넥스빌Ⅲ)",02-470-7904
스토리약국,"서울특별시 강남구 남부순환로359길 27, 1층 (도곡동)",02-6401-9002
시민당약국,서울특별시 강동구 양재대로 1479 (길동),02-476-8100
시온약국,서울특별시 용산구 독서당로 67 (한남동),02-790-7897
시온약국,서울특별시 송파구 백제고분로27길 19 (삼전동),02-417-1365
시원약국,"서울특별시 강북구 오패산로 413, 1층 (번동, 미니스톱)",02-904-1231
시장약국,서울특별시 동작구 동작대로29길 17 (사당동),02-532-6210
시티약국,"서울특별시 송파구 올림픽로 116, 1층 (잠실동)",02-3431-4115
신나바론약국,"서울특별시 성북구 동소문로3길 4, 정화빌딩 1층 (동소문동1가)",02-762-6300
신대방365약국,"서울특별시 관악구 신사로 108, 학사빌딩 1층 (신림동)",070-7620-3031
신도림서진약국,"서울특별시 구로구 새말로 102, 신도림포스빌 135,136호 (구로동)",02-000-0000
신도림역약국,"서울특별시 구로구 새말로 지하117-21, 2호선 신도림역 234-115호 (신도림동)",02-865-1575
신동아약국,"서울특별시 노원구 마들로3길 15, 월계이마트 2층 (월계동)",02-978-5344
신라약국,서울특별시 성동구 광나루로11길 26-1(송정동),02-467-1192
신림역약국,"서울특별시 관악구 남부순환로 지하1614, 신림역 230-106호 (신림동)",070-5046-4033
신미소약국,"서울특별시 관악구 시흥대로 578, 1층 (신림동)",02-855-9842
신분당약국,"서울특별시 강남구 강남대로 지하 396, 23호 (역삼동, 신분당선 강남역내)",02-558-0803
신사굿약국,"서울특별시 강남구 도산대로 120, 청호빌딩 1층 (논현동)",02-541-9165
신사귀족약국,"서울특별시 서초구 강남대로97길 17, 1층 (잠원동)",02-540-5465
신사라라약국,"서울특별시 강남구 도산대로 131, 1층 일부호 (신사동)",02-515-7414
신사스타약국,"서울특별시 서초구 강남대로 621, 1층 (잠원동)",02-517-0072
신사약국,"서울특별시 강남구 도산대로 109, 1층 101호(신사동)",02-514-3704
신사역365약국,"서울특별시 강남구 도산대로 지하102, 신사역 B1층 104호 (신사동)",070-8864-0704
신성약국,"서울특별시 중구 다산로 215, 경북여인숙 1층 (신당동)",02-2273-1390
신세계약국,서울특별시 은평구 진흥로12길 3 (녹번동),02-385-6537
신세명약국,"서울특별시 영등포구 도림로 208, 101호 (대림동)",02-847-3058
신우성약국,서울특별시 용산구 한강대로77길 10 (갈월동),02-714-5392
신원약국,"서울특별시 서초구 강남대로10길 60-1, 101호 (양재동)",02-814-3334
신원약국,"서울특별시 관악구 남부순환로172길 1, 1층 (신림동)",02-838-3373
신일약국,서울특별시 마포구 손기정로 54 (아현동) 1층,02-312-1741
신일약국,"서울특별시 은평구 은평로 156, 1층 101호 (응암동)",02-388-0648
신중앙약국,서울특별시 중구 퇴계로 436 (신당동),02-2237-9602
신중앙약국,서울특별시 동작구 흑석로 103 (흑석동),02-822-0443
신촌대로약국,"서울특별시 서대문구 신촌로 121, 아남오피스텔 1층 103호 (창천동)",02-6346-2882
신평화약국,서울특별시 중구 청계천로 298  (신당동),02-2233-2587
씨에이(CA)정문약국,"서울특별시 동작구 흑석로 108, 1~2층 (흑석동)",02-825-1122
아름다운달과별약국,"서울특별시 은평구 통일로 855-8, (갈현동, 연신내진원와이타운)",02-3157-2088
아름다운약국,"서울특별시 마포구 마포대로24길 56, 1층 (아현동, 보령빌딩)",02-3147-0433
아이디약국,"서울특별시 강남구 도산대로 111, 1층 101호 (신사동)",02-3445-2221
아이메디칼약국,"서울특별시 성북구 동소문로46길 18, 101호, 102호 (하월곡동, 삼전솔하임3차)",02-942-3365
아이사랑태평양약국,"서울특별시 구로구 새말로 15, 102호,103호 (구로동, 삼전 솔하임)",02-853-3001
아현중앙약국,"서울특별시 마포구 마포대로 231, 상가102동 B103호 (아현동, 마포 푸르지오 더 센트럴)",02-2138-1638
안일약국,서울특별시 동작구 성대로 76 (상도동),02-823-0583
암사제일약국,"서울특별시 강동구 올림픽로98길 15, LS지산빌딩 1층 101,102호 (암사동)",02-3427-5855
압구정예주약국,"서울특별시 강남구 압구정로29길 65, 442빌딩 지하1층 (압구정동)",02-545-3819
애프터팜 윤약국,"서울특별시 관악구 관악로 174, 102호 (봉천동)",050-71359-2927
약사랑약국,"서울특별시 강남구 테헤란로 339, 1층 (역삼동)",02-2039-9112
약수태평양약국,서울특별시 동작구 장승배기로 7 (상도동),02-812-7088
양생약국,서울특별시 관악구 남부순환로234길 27 (봉천동),02-872-9954
에메랄드약국,"서울특별시 강남구 도산대로 122, 에메랄드타워 1층 (논현동)",02-3443-0991
에이원약국,"서울특별시 서초구 서초대로77길 17, BLOCK77 1층 102-2호 (서초동)",02-595-5581
에이트약국,"서울특별시 서초구 강남대로 423, 한승빌딩 1층 (서초동)",02-534-8828
엔씨(NC)약국,"서울특별시 강서구 강서로56길 17, 지하1층 (등촌동)",02-2667-9852
엘림약국,"서울특별시 관악구 신림로 324, 1층 (신림동)",02-876-3304
여의도씨티약국,"서울특별시 영등포구 여의대방로 375, 109호(여의도동,아일렉스타워)",02-784-8285
연남약국,서울특별시 마포구 양화로21길 31  (동교동),02-336-1533
연도약국,서울특별시 은평구 은평로 144,02-355-1534
연세정약국,"서울특별시 성북구 화랑로 201 (장위동, 대영치과)",02-943-0900
연진약국,서울특별시 광진구 아차산로29길 12,02-462-3355
열린약국,"서울특별시 서초구 동작대로 130, 1층 (방배동)",02-532-9189
영등포21세기온누리약국,서울특별시 영등포구 당산로36길 12,02-2636-7588
영신약국,"서울특별시 서대문구 거북골로14길 32, 103호 (북가좌동, DMC아이파크아파트 상가동)",02-372-2126
영진약국,"서울특별시 강남구 학동로 421, 1층 일부(청담동, 원영빌딩)",02-545-3121
영훈약국,서울특별시 도봉구 덕릉로 222 (창동),02-900-3943
예전약국,"서울특별시 성동구 왕십리로20길 34, (홍익동)",02-2292-4642
예하약국,"서울특별시 동작구 성대로 24, (상도동)",02-817-8303
오늘의약국,"서울특별시 강남구 강남대로 지하396, 강남역 E52-1호 (역삼동)",02-3452-1011
오래하는약국,"서울특별시 동대문구 이문로9길 105-13, T01호 (이문동, 이문 월드메르디앙 힐트리움 더 테라스)",070-8869-6110
오렌지라임약국,"서울특별시 양천구 목동로 223, 1층 (신정동)",02-2601-8557
온누리강변프라자약국,"서울특별시 광진구 광나루로56길 63, 프라임프라자 107~109호 (구의동)",02-3437-3027
온누리건강약국,서울특별시 송파구 백제고분로12길 17 (잠실동),02-3431-4959
온누리대산약국,"서울특별시 관악구 시흥대로 560, 1층 (신림동)",02-853-4967
온누리메디칼약국,서울특별시 광진구 아차산로 220 (자양동),02-461-0120
온누리메디칼약국,"서울특별시 마포구 월드컵로14길 5, (서교동)",02-3141-4757
온누리민우약국,서울특별시 성북구 돌곶이로22길 49 (석관동),02-969-4582
온누리사랑약국,"서울특별시 중랑구 용마산로 438, (면목동)",02-494-2790
온누리사랑의약국,"서울특별시 구로구 구로동로15길 17, (구로동)",02-862-2884
온누리삼일약국,"서울특별시 강동구 구천면로42길 17, (천호동)",02-484-1216
온누리새소망약국,"서울특별시 은평구 은평터널로 65  (수색동, 대림한숲타운아파트)",02-309-3771
온누리세종약국,서울특별시 동작구 동작대로7길 84 (사당동),02-584-3828
온누리수경약국,서울특별시 관악구 난향길 4 (신림동),02-864-7311
온누리임상약국,"서울특별시 용산구 이촌로18길 9, 101호 (이촌동)",02-713-0493
옵티마100세약국,서울특별시 송파구 마천로41길 9 (마천동),02-448-4411
옵티마샘터약국,"서울특별시 마포구 효창원로97길 10, (공덕동)",02-718-3011
옵티마수산약국,"서울특별시 영등포구 대림로34길 12, (대림동)",02-832-2994
왕성약국,서울특별시 강남구 학동로 106,02-547-4561
왕약국,서울특별시 성동구 광나루로 323(송정동),02-467-2485
왕약국,서울특별시 관악구 대학5길 17 (신림동),02-877-1333
외대조은약국,"서울특별시 동대문구 휘경로 10, 1층 (이문동)",02-960-4983
요나약국,서울특별시 강북구 솔샘로 254 (미아동),02-988-8834
용답원약국,"서울특별시 성동구 용답19길 1, 1층 (용답동)",02-2216-6227
용약국,서울특별시 용산구 대사관로24길 6 (한남동),02-794-5528
우리네온누리약국,서울특별시 구로구 디지털로27길 116 (구로동),02-853-2614
우리들약국,"서울특별시 성북구 동소문로46길 6, 1층 (하월곡동)",02-911-3336
우리들약국,서울특별시 노원구 월계로 370,02-977-3225
우리들약국,"서울특별시 강동구 올림픽로 781, (암사동)",02-427-0012
우리들위생약국,"서울특별시 동대문구 망우로 78, 1층 (휘경동)",02-2212-0612
우리보건약국,"서울특별시 중랑구 사가정로51길 45, 우리보건약국, 민초원건강원 1층 (면목동)",02-433-8221
우리약국,"서울특별시 마포구 숭문길 215, (대흥동)",02-715-7290
우리약국,"서울특별시 종로구 옥인길 32-5, (옥인동)",02-738-9179
우리온누리약국,서울특별시 동작구 노량진로 155 (노량진동),02-826-5116
우리캐슬약국,"서울특별시 금천구 시흥대로 291 (독산동, 금천롯데캐슬골드파크3차)",02-802-2455
우리팜약국,"서울특별시 강서구 강서로 27, 1층 106호 (화곡동)",02-2602-1278
우성약국,서울특별시 노원구 한글비석로 463,02-936-6603
우일약국,서울특별시 관악구 난곡로24길 5 (신림동),02-837-3006
우주약국,서울특별시 강동구 양재대로 1571 홈플러스 지하 2층,02-481-5050
우진당약국,"서울특별시 동대문구 사가정로13길 3, 1층 (전농동)",02-2244-7790
우진약국,"서울특별시 강서구 곰달래로53가길 3, 우진타워빌딩 (화곡동)",02-2654-5225
웃음가득약국,"서울특별시 관악구 남부순환로 1369, 1층 (신림동, 관악농협 농산물백화점)",02-863-1807
원약국,서울특별시 은평구 은평로 121  (응암동),02-388-6700
원플러스약국,"서울특별시 중랑구 신내로 201, 1층 (신내동, 홈플러스 서울 신내점)",02-3422-6953
월계365약국,"서울특별시 노원구 석계로 104, 그린빌딩 101,102호 (월계동)",02-6091-3957
월곡약국,서울특별시 성북구 화랑로11길 6 (하월곡동),02-913-2900
월곡플러스약국,"서울특별시 성북구 화랑로 76, 코업스타클래스 지하1층 (하월곡동)",02-943-1432
월드타워약국,"서울특별시 송파구 올림픽로 300, 지하1층 (신천동, 롯데마트월드타워점)",02-3213-2828
월드팜약국,"서울특별시 강동구 진황도로 153, 101호 (둔촌동)",02-474-2820
웰그린약국,"서울특별시 강남구 선릉로 311, 1층 103호 (역삼동)",02-501-1600
웰니스약국,"서울특별시 중구 명동10길 51, 나인트리호텔 1층 (충무로2가)",02-3789-5088
유림약국,서울특별시 성동구 무학봉13길 1(하왕십리동),02-2292-5235
유림약국,서울특별시 노원구 동일로230가길 15 (상계동),02-930-6858
유명약국,서울특별시 영등포구 도신로60길 2,02-845-3780
유명한약국,"서울특별시 성동구 독서당로 295, 1층 (금호동3가)",02-2237-5875
유아약국,"서울특별시 금천구 시흥대로104길 14, (독산동)",02-804-0785
유한약국,"서울특별시 강남구 논현로115길 71, 1층 101호 (논현동)",02-547-1696
은약국,"서울특별시 도봉구 도봉로 473, (쌍문동)",02-992-4321
은평자연약국,"서울특별시 은평구 서오릉로 162, 1층 103호 (갈현동)",02-389-1101
은평천사약국,"서울특별시 은평구 통일로 1034, 135,136,137호 (진관동, 은평 스카이뷰 자이)",02-356-7304
은평천사약국,"서울특별시 은평구 통일로 1034, 135,136,137호 (진관동, 은평 스카이뷰 자이)",02-356-7304
은하약국,"서울특별시 서대문구 명지대3길 1, (남가좌동)",02-372-1513
은혜약국,서울특별시 도봉구 도봉로118길 11 (창동),02-992-9191
이대행복한약국,"서울특별시 서대문구 이화여대길 42, 1층 (대현동)",02-873-8881
이문우량아약국,"서울특별시 동대문구 신이문로 27, 1층 101호 (이문동)",02-967-3025
이수밝은약국,서울특별시 동작구 사당로 285(사당동),02-535-1738
이오당약국,서울특별시 서초구 동산로6길 38  (양재동),02-577-1711
이원약국,서울특별시 강북구 삼양로 244 (미아동),02-946-1958
이화약산온누리약국,"서울특별시 송파구 가락로 211, 충북빌딩 (송파동)",02-419-2755
이화온누리약국,"서울특별시 강동구 구천면로 233, 한양메디스퀘어 1층 109호 (천호동)",02-478-3561
이화태평양약국,서울특별시 도봉구 덕릉로 239 (창동),02-991-8447
인덕약국,서울특별시 노원구 월계로 370,02-993-6250
인수약국,서울특별시 강북구 삼각산로 71 (수유동),02-993-7378
인정온누리약국,서울특별시 성북구 삼선교로 14 (삼선동1가),02-766-6733
인제약국,"서울특별시 관악구 원신2길 17, 인제약국 (신림동)",02-877-8597
일등약국,"서울특별시 종로구 경교장길 35, 상가동 3148,3149호 (평동, 경희궁자이 3단지)",02-723-7581
일출약국,"서울특별시 마포구 독막로 85, 1층 (상수동)",02-333-3806
일층가락약국,"서울특별시 송파구 양재대로 932, 105호 (가락동, 가락몰 관리업무동)",02-404-2101
자담한약국,"서울특별시 송파구 백제고분로42길 19, 1층 (송파동)",02-6404-8039
자성당약국,서울특별시 강서구 방화대로21길 76 (공항동),02-2662-3231
자연주의약국,서울특별시 중구 다산로 90 ,02-2235-0306
자이1층엔약국,"서울특별시 강남구 삼성로 14, 131호 (개포동, 개포자이 프레지던스)",02-6080-2349
자인당약국,서울특별시 노원구 노해로 506  (상계동),02-933-4956
잠실365약국,"서울특별시 송파구 올림픽로 240, 롯데월드 잠실지하광장 지하도상가 8-2호 (잠실동)",02-417-2119
잠실미소약국,"서울특별시 송파구 올림픽로35가길 16, 홈플러스잠실점 B1층 (신천동)",02-418-4837
장군약국,"서울특별시 서초구 서초중앙로 18, 1층 114호 (서초동, 서초쌍용플래티넘)",070-8633-9018
장생약국,"서울특별시 노원구 섬밭로 263, 롯데상가1층 (중계동)",02-976-8992
장수알파약국,"서울특별시 서초구 서초중앙로 38, 정원빌딩 1층 (서초동)",02-3487-4233
재훈약국,서울특별시 구로구 시흥대로161가길 16,02-854-2250
정릉열린약국,서울특별시 성북구 보국문로 40-3 (정릉동),02-911-2486
정문온누리약국,서울특별시 은평구 진흥로 196,02-549-3003
정민약국,"서울특별시 성동구 청계천로10다길 13, 1층 (마장동, 정민하우스)",02-2212-8762
정성약국,"서울특별시 노원구 한글비석로 263, 성모빌딩 302-1호 (중계동)",02-939-6522
정원약국,"서울특별시 중구 세종대로18길 10, (태평로2가)",02-755-5866
정은약국,"서울특별시 서초구 방배중앙로 140, 1층 (방배동)",02-534-6641
정제약국,"서울특별시 영등포구 도영로 49, (도림동)",02-842-3228
정주약국,서울특별시 성북구 오패산로 63 (하월곡동),02-743-3635
정진약국,"서울특별시 금천구 독산로64길 19, (독산동)",02-805-3541
제당약국,서울특별시 동작구 국사봉길 97 (상도동),02-821-9417
제일그랜드약국,"서울특별시 강남구 강남대로 478, 제우빌딩 1층 (논현동)",02-546-0093
제일약국,서울특별시 종로구 삼봉로 74 (청진동),02-739-3447
제정약국,"서울특별시 관악구 신림로 383, 1층 (신림동)",02-874-4360
조현약국,서울특별시 동대문구 장한로6길 10 (장안동),02-2245-9459
종각역약국,"서울특별시 종로구 종로 지하55, 종각지하철역사 152-114호 (종로1가)",050-71311-0453
종대약국,"서울특별시 영등포구 도림로 352, (도림동)",02-846-4062
종로광명약국,"서울특별시 강동구 구천면로 664, (상일동)",02-426-0787
종로늘푸른약국,"서울특별시 관악구 신림로 137 (신림동, 조흥빌딩)",028850074
종로모범약국,"서울특별시 노원구 덕릉로 730  (상계동, 상계불암대림아파트)",02-3391-0177
종로삼성약국,"서울특별시 종로구 종로 244-1, 1층 (종로5가)",02-2285-5631
종로세명약국,"서울특별시 도봉구 방학로 176, (방학동)",02-3492-9963
종로수약국,"서울특별시 관악구 보라매로 4, 1층 (봉천동)",02-877-0789
종로태평양온누리약국,"서울특별시 중랑구 동일로 917, 1층, 지하1층 (묵동)",02-979-0426
종로프라자약국,서울특별시 관악구 조원중앙로 20 (신림동),02-866-7668
종로프라자약국,"서울특별시 도봉구 노해로65길 14-3, 1층 (창동)",02-907-4266
종로프라자약국,"서울특별시 용산구 한강대로23길 55 (한강로3가, 이마트내)",02-2012-1276
종오약국,"서울특별시 마포구 만리재로 130, 1층 (공덕동)",02-514-4105
종우약국,"서울특별시 광진구 뚝섬로 480, 1층 (자양동)",02-464-4756
종원약국,서울특별시 강남구 강남대로118길 38  (논현동),02-548-8969
주약국,"서울특별시 강서구 공항대로 23, (공항동)",02-2662-0431
주온누리약국,"서울특별시 강동구 양재대로 1550, 1층 (길동,은호빌딩)",02-473-8842
중경당약국,"서울특별시 동대문구 장한로 58, 1층 (장안동)",02-2246-1220
중계상록수약국,"서울특별시 노원구 중계로 218, 원광빌딩 1층 102호 (중계동)",02-931-6528
중곡종로약국,서울특별시 광진구 용마산로 46  (중곡동),02-2201-4321
중앙약국,"서울특별시 강남구 압구정로50길 28, 101동 116,117호 (신사동, 로데오현대아파트)",02-542-6354
중외약국,서울특별시 강남구 학동로4길 35 (논현동),02-549-1771
지니약국,"서울특별시 송파구 올림픽로 305, 잠실역8호선 지하1층 107, 108호 (신천동)",02-416-2023
지민약국,서울특별시 성북구 삼선교로 87 (삼선동4가),02-953-5674
지안약국,"서울특별시 성동구 왕십리광장로 17, 왕십리민자역사 4층 OV3-1 호 (행당동)",02-2200-1577
지영오행당약국,서울특별시 종로구 성균관로 32-2 (명륜2가),02-766-9438
지하근화사약국,"서울특별시 중구 을지로 131, (을지로3가,지하상가 3-11)",02-2272-4986
지하철약국,"서울특별시 송파구 올림픽로 지하 265 (잠실동, 잠실역지하상가 B-13호)",02-423-1919
지현약국,서울특별시 영등포구 영등포로 399-5  (신길동),02-842-6905
진선약국,서울특별시 강남구 선릉로 424  (대치동),02-567-0429
진성온누리약국,서울특별시 도봉구 도봉로 681 (방학동),02-3494-5177
진약국,"서울특별시 노원구 노해로 452, (상계동)",02-935-8266
진약국,"서울특별시 광진구 동일로60길 14, (군자동)",02-467-1116
진영약국,서울특별시 광진구 아차산로57길 42 (구의동),02-454-8827
찬솔약국,서울특별시 동작구 만양로 86 (노량진동),02-815-8868
참사랑온누리약국,"서울특별시 광진구 용마산로 23, 1층 (중곡동)",02-446-8543
참약국,"서울특별시 마포구 와우산로 149, 1층 (서교동)",050-71314-2488
참약사플러스약국,서울특별시 중랑구 면목로 303(면목동),070-4647-4656
참좋은약국,서울특별시 강남구 테헤란로87길 17,02-508-1363
창대온누리약국,서울특별시 양천구 목동중앙북로 13-1 (목동),050-71383-6789
창대온누리약국,서울특별시 양천구 목동중앙북로 13-1 (목동),02-2653-6788
창덕약국,서울특별시 노원구 동일로182길 20 (공릉동),02-972-2933
창동남대문약국,"서울특별시 도봉구 덕릉로 223, (창동)",02-995-6005
창동종로약국,"서울특별시 도봉구 노해로63길 84-3, 1층 (창동)",02-992-2376
천사약국,"서울특별시 동작구 흑석로 105, 1층 (흑석동)",02-826-9665
천사약국,"서울특별시 강동구 구천면로 297, (천호동)",02-482-8484
천세약국,서울특별시 금천구 시흥대로 274,02-802-4303
천수약국,서울특별시 강서구 가로공원로76길 63 (화곡동),02-2692-3552
천호역자몽약국,"서울특별시 강동구 천호대로 지하997, 천호역 지하1층 547-121호 (천호동)",02-6484-6119
청년약국,"서울특별시 노원구 공릉로 213, 102동 103호 (공릉동, 동신아파트)",070-7763-3297
청담바른약국,"서울특별시 강남구 학동로 413, 청담빌딩 1층 101호 (청담동)",02-545-6475
청담와이약국,"서울특별시 강남구 압구정로 461, B104호 (청담동)",02-512-7262
청룡중앙약국,"서울특별시 은평구 가좌로 233, 연희타워 103호 (응암동)",02-303-6550
청백약국,"서울특별시 강북구 삼양로 623, 1층 (우이동)",02-993-2787
청솔약국,"서울특별시 동대문구 전농로10길 20 (답십리동, 청솔우성아파트상가)",02-3394-6600
청와약국,서울특별시 구로구 디지털로 227 (가리봉동),02-855-1482
친절한약국,서울특별시 송파구 올림픽로32길 13 (방이동),02-421-6251
케이약국,"서울특별시 서대문구 통일로27길 5, 1층 4호 (홍제동)",02-511-8806
케이약국,"서울특별시 강남구 도산대로12길 6, 1층 (논현동)",02-511-8806
코리아약국,"서울특별시 강남구 선릉로 34, 1층 (개포동)",02-572-6123
코코온누리약국,서울특별시 강남구 강남대로 406 ,02-539-1500
큰길약국,"서울특별시 강남구 강남대로 370, 지하1층 (역삼동)",025531517
태림약국,서울특별시 관악구 장군봉2길 2 (봉천동),02-882-9961
태양약국,"서울특별시 도봉구 도봉로 479, (쌍문동)",02-902-0682
태양약국,"서울특별시 강서구 등촌로13길 31, (화곡동)",02-2651-9504
태양약국,서울특별시 구로구 경인로 191 (오류동),02-2685-1017
태창온누리약국,서울특별시 관악구 쑥고개로 126-1 (봉천동),02-889-6599
태평양약국,서울특별시 성북구 보국문로16길 31 (정릉동),02-919-2525
태평양약국,"서울특별시 관악구 남부순환로 1591, 1층 (신림동)",02-878-5109
태평양약국,서울특별시 금천구 금하로25길 1 (시흥동),02-808-9300
태평양약국,"서울특별시 마포구 홍익로 1, 1층 (서교동)",02-322-8344
태평양약국,"서울특별시 서초구 중앙로 582, 103호 (우면동, 서초타워)",02-575-7220
태평양온누리약국,"서울특별시 양천구 신월로 314, 1층 (신정동)",02-2652-9007
테헤란건강약국,서울특별시 강남구 선릉로86길 17  (대치동),02-556-4166
토마스온누리약국,서울특별시 금천구 시흥대로112길 6 (독산동),02-855-3843
트리플약국,서울특별시 강남구 도산대로 108 (논현동) 1층 일부,02-517-5256
튼튼약국,"서울특별시 중랑구 면목로 358, 1층 (면목동)",02-435-6985
파랑새약국,"서울특별시 동작구 상도로 81, 지하1층 (대방동)",02-824-5150
파크약국,"서울특별시 강남구 도산대로50길 9, 1층 (논현동, 청석빌딩)",02-3443-5561
판다약국,"서울특별시 중구 명동7길 13, 명동증권빌딩 1층 (명동1가)",02-6080-4977
팜엑스약국,서울특별시 강남구 봉은사로 524  (삼성동),02-6002-3060
팜코리아약국,"서울특별시 양천구 등촌로 26, 1층 101호 (목동)",02-2648-8003
팜코리아약국,"서울특별시 중랑구 면목로 352, (면목동)",02-433-8421
팜코리아약국,"서울특별시 도봉구 도봉로 733, 1층 (도봉동)",02-955-7017
팜코리아약국,서울특별시 송파구 가락로 99 (석촌동),02-424-6167
팜코리아약국,"서울특별시 도봉구 도봉로 733, 1층 (도봉동)",02-955-7017
팜프라자약국,"서울특별시 노원구 동일로 1066, 1층 (공릉동)",02-6396-3003
펜타약국,"서울특별시 강북구 도봉로 지하50, 미아사거리역 B1층 416-115호 (미아동)",02-501-7337
평화온누리약국,"서울특별시 동작구 남부순환로 2059, 1층 (사당동)",02-582-5353
푸른약국,"서울특별시 중구 명동8길 47, (충무로2가)",02-775-7428
푸른온누리약국,"서울특별시 서초구 바우뫼로35길 22, 1층 (양재동)",02-571-8279
프라임365약국,"서울특별시 강남구 자곡로 172, 1층 122호 (자곡동)",02-3434-2277
프라임엠약국,서울특별시 강남구 삼성로 352 창원빌딩 (대치동),02-3288-9772
플러스약국,"서울특별시 마포구 월드컵로 240, 홈플러스 월드컵점 2층 X11, YW호 (성산동)",070-4121-9393
플러스약국,"서울특별시 강남구 테헤란로 111, 대건빌딩 1층 일부호 (역삼동)",070-7783-4101
플러스약국,"서울특별시 종로구 종로 78, 1층 (종로2가, 미려빌딩)",02-733-4163
하나로온누리약국,서울특별시 관악구 은천로 38 (봉천동),02-875-8005
하늘약국,"서울특별시 관악구 장군봉1길 56, 101호 (봉천동, 우형쇼핑센타)",02-877-6431
하님약국,"서울특별시 노원구 한글비석로 410, 1층 (상계동)",02-939-1827
하트약국,"서울특별시 종로구 대학로 128, 1층 (동숭동)",02-766-8991
학동역약국,"서울특별시 강남구 학동로 지하180, 학동역 210호 (논현동)",025420301
한결약국,"서울특별시 양천구 오목로 344 (목동, 청학빌딩)",02-2646-8842
한국생약국,서울특별시 관악구 쑥고개로 71 (봉천동),02-878-2743
한길약국,"서울특별시 성동구 동일로 261, 건국빌딩 1층 (송정동)",02-467-8231
한독약국,서울특별시 종로구 동숭길 52,02-762-4636
한마을약국,"서울특별시 구로구 경인로 382, 1-110(개봉동,한마을아파트상가)",02-2613-3006
한마음약국,서울특별시 금천구 금하로 720 (시흥동),02-808-8740
한솔약국,서울특별시 송파구 백제고분로45길 5 (송파동),02-415-8087
한시까지약국,서울특별시 영등포구 영등포로 250-1 (영등포동3가),02-2632-7700
한신약국,"서울특별시 중랑구 동일로101길 63  (면목동, 면목한신아파트 상가)",02-491-5651
한중약국,서울특별시 구로구 구로동로 8  (가리봉동),02-863-8575
한티365약국,"서울특별시 강남구 선릉로 301, 1층 (역삼동)",02-591-0365
합정365약국,"서울특별시 마포구 독막로 14, 1층 (합정동)",02-6012-3031
합정동산약국,"서울특별시 마포구 양화로 45, C-17호 (서교동, 홈플러스합정점)",02-338-0026
합정스타약국,"서울특별시 마포구 양화로 지하45, 합정역 B1층 109호 (합정동)",02-323-0202
해맑은약국,서울특별시 강남구 남부순환로363길 13,02-571-0029
햇살약국,"서울특별시 강동구 동남로71길 32, 환타지아 103호 (명일동)",024417716
행복나무약국,"서울특별시 강동구 천호대로157길 54, 1층 (천호동)",02-487-8880
행복새약국,"서울특별시 구로구 디지털로31길 62, 아티스포럼 110호 (구로동)",02-855-9569
행복약국,"서울특별시 종로구 자하문로 1, 1층 1호 (내자동)",070-7576-3340
행복한수약국,서울특별시 강남구 강남대로 446,02-558-7430
행복한약국,"서울특별시 성북구 보문로34길 59, 1층(동선동1가)",02-927-8253
행운약국,서울특별시 종로구 대명길 21-2(명륜4가),02-765-9997
헤르바당산역약국,"서울특별시 영등포구 양평로 지하 40, 당산역 지하1층 (당산동6가)",02-2636-3398
헬로팜약국,"서울특별시 송파구 올림픽로12길 5, 정호빌딩 (잠실동)",02-415-1121
현우약국,"서울특별시 서대문구 연세로 29-1, 1층 (창천동)",02-334-3979
형제약국,서울특별시 은평구 가좌로 241 (응암동),02-306-3025
형제약국,"서울특별시 금천구 금하로 707, (시흥동)",02-803-4973
혜민약국,서울특별시 도봉구 도봉로159길 17 ,02-954-1653
혜화설약국,"서울특별시 종로구 성균관로 1, 1호 (명륜2가)",02-766-8273
호랑이약국,"서울특별시 강동구 천호대로 1089, 지하1층 B19호 (천호동, 강동역 신동아 파밀리에)",02-484-6960
호림약국,서울특별시 광진구 동일로30길 28 (화양동),02-468-1027
호수약국,"서울특별시 송파구 송파대로49길 52, A동 102호 (석촌동)",02-415-8852
호원약국,서울특별시 강남구 언주로108길 15  (역삼동),02-567-5534
호원엠약국,"서울특별시 강동구 성내로 66, 채원빌딩 (성내동)",02-488-1512
호호약국,"서울특별시 관악구 남부순환로 1595, 1층 (신림동)",02-882-2633
홀리데이약국,"서울특별시 성북구 종암로 123, 104호 (종암동)",02-927-0242
홍대365약국,"서울특별시 마포구 와우산로27길 43, 1층 (서교동)",02-3141-1084
홍대어울림약국,"서울특별시 마포구 어울마당로 128, 1층 (서교동)",02-332-9233
홍대참신한약국,"서울특별시 마포구 어울마당로 62, 1층 (서교동)",02-6368-5799
홍익약국,"서울특별시 마포구 양화로18길 7, 1층 (동교동)",02-337-5414
홍제약국,서울특별시 서대문구 통일로 440 (홍제동),02-396-1136
홍제제일약국,"서울특별시 서대문구 통일로 425, 1층 (홍제동)",02-379-0345
화곡부성약국,"서울특별시 강서구 곰달래로 223, 화곡동상가 104호 (화곡동)",02-722-7585
화랑온누리약국,서울특별시 노원구 공릉로 150 (공릉동) 1층,02-975-4151
화성약국,서울특별시 성북구 오패산로 73 (하월곡동),02-913-8936
환승센터약국,"서울특별시 송파구 잠실로 지하 156, 잠실광역환승센터 지하1층 101호 (신천동)",02-424-2365
활명당약국,"서울특별시 서대문구 통일로 145-1, (냉천동)",02-363-2606
후생약국,서울특별시 송파구 마천로45길 15 (마천동),02-400-0614
휴베이스다정약국,"서울특별시 관악구 남부순환로 1944, 1층 (봉천동)",02-878-0222
휴베이스대학약국,"서울특별시 관악구 남부순환로 1603, 101호 (신림동)",02-888-7744
휴베이스하이약국,"서울특별시 중구 명동9가길 14, 메트로호텔 1층 (을지로2가)",070-7778-8275
휴베이스하이약국,"서울특별시 중구 명동9가길 14, 메트로호텔 1층 (을지로2가)",070-7798-8275
흥명약국,서울특별시 동대문구 고산자로30길 56 (용두동),02-963-0617
희망약국,"서울특별시 노원구 동일로230가길 15, 103호 (상계동, 우방아파트상가)",02-939-9831
